emp_id,name,salary,department,rank
781,Robert Coleman,149758.5,Finance,1
781,Robert Coleman,149758.5,Finance,1
954,Amy Ortega,149501.9,Finance,3
954,Amy Ortega,149501.9,Finance,3
40,Nicole Carr,149250.66,Finance,5
40,Nicole Carr,149250.66,Finance,5
333,Paul Henry,148165.67,Finance,7
333,Paul Henry,148165.67,Finance,7
842,Steven Leon,147004.21,Finance,9
842,Steven Leon,147004.21,Finance,9
87,Jacqueline Ramirez,146426.86,Finance,11
87,Jacqueline Ramirez,146426.86,Finance,11
339,Rachel Valdez,145858.07,Finance,13
339,Rachel Valdez,145858.07,Finance,13
129,Erin Bennett,145488.37,Finance,15
129,Erin Bennett,145488.37,Finance,15
299,Jordan Simpson,145375.62,Finance,17
299,Jordan Simpson,145375.62,Finance,17
559,Carlos Johnston,145139.78,Finance,19
559,Carlos Johnston,145139.78,Finance,19
877,Kimberly Torres,144409.89,Finance,21
877,Kimberly Torres,144409.89,Finance,21
350,Michelle Perez,144371.85,Finance,23
350,Michelle Perez,144371.85,Finance,23
575,Robert Reed,144158.39,Finance,25
575,Robert Reed,144158.39,Finance,25
673,Samantha Irwin,143766.58,Finance,27
673,Samantha Irwin,143766.58,Finance,27
402,Barbara Johnson,143657.09,Finance,29
402,Barbara Johnson,143657.09,Finance,29
315,Lisa Liu,143509.39,Finance,31
315,Lisa Liu,143509.39,Finance,31
410,Laurie Miller,143387.55,Finance,33
410,Laurie Miller,143387.55,Finance,33
475,Adam Graham,143309.82,Finance,35
475,Adam Graham,143309.82,Finance,35
807,Joshua Lawrence,143187.97,Finance,37
807,Joshua Lawrence,143187.97,Finance,37
978,Brian Edwards,143182.65,Finance,39
978,Brian Edwards,143182.65,Finance,39
114,Jillian Fitzgerald,143146.22,Finance,41
114,Jillian Fitzgerald,143146.22,Finance,41
860,Karen Wheeler,142824.52,Finance,43
860,Karen Wheeler,142824.52,Finance,43
682,David Meyer,142173.19,Finance,45
682,David Meyer,142173.19,Finance,45
865,Cheryl Martinez,141988.12,Finance,47
865,Cheryl Martinez,141988.12,Finance,47
292,Julie Castro,141146.91,Finance,49
292,Julie Castro,141146.91,Finance,49
969,Kevin Fox,140538.08,Finance,51
969,Kevin Fox,140538.08,Finance,51
839,Maria Olson,140351.35,Finance,53
839,Maria Olson,140351.35,Finance,53
12,Emily Gilmore,140047.53,Finance,55
12,Emily Gilmore,140047.53,Finance,55
763,Jason Melton,138801.97,Finance,57
763,Jason Melton,138801.97,Finance,57
892,Janice Perez,138525.66,Finance,59
892,Janice Perez,138525.66,Finance,59
500,Philip Duncan,138431.77,Finance,61
500,Philip Duncan,138431.77,Finance,61
387,Gabrielle Wilson,138382.72,Finance,63
387,Gabrielle Wilson,138382.72,Finance,63
404,Desiree Ward,137635.48,Finance,65
404,Desiree Ward,137635.48,Finance,65
487,Brittany Daniel,137174.43,Finance,67
487,Brittany Daniel,137174.43,Finance,67
676,David Lowe,137112.0,Finance,69
676,David Lowe,137112.0,Finance,69
950,Kristina Ellison,136651.01,Finance,71
950,Kristina Ellison,136651.01,Finance,71
260,David Martinez,136304.22,Finance,73
260,David Martinez,136304.22,Finance,73
218,Robert Martinez,136200.83,Finance,75
218,Robert Martinez,136200.83,Finance,75
689,Shannon Jones,136107.08,Finance,77
689,Shannon Jones,136107.08,Finance,77
216,Katie Myers,135189.66,Finance,79
216,Katie Myers,135189.66,Finance,79
368,Susan Wilson,135155.8,Finance,81
368,Susan Wilson,135155.8,Finance,81
615,Austin Shelton,134801.28,Finance,83
615,Austin Shelton,134801.28,Finance,83
945,Cindy Clark,133938.33,Finance,85
945,Cindy Clark,133938.33,Finance,85
126,Courtney Benton,133776.78,Finance,87
126,Courtney Benton,133776.78,Finance,87
155,Michelle Padilla,133745.46,Finance,89
155,Michelle Padilla,133745.46,Finance,89
67,Ronald Cruz DDS,133667.67,Finance,91
67,Ronald Cruz DDS,133667.67,Finance,91
168,Melissa Williams,133514.18,Finance,93
168,Melissa Williams,133514.18,Finance,93
686,Jose Carson,133117.48,Finance,95
686,Jose Carson,133117.48,Finance,95
244,Miguel Fleming,132394.63,Finance,97
244,Miguel Fleming,132394.63,Finance,97
780,Julie Hamilton,132108.87,Finance,99
780,Julie Hamilton,132108.87,Finance,99
202,Judy Walker,130884.56,Finance,101
202,Judy Walker,130884.56,Finance,101
930,Elizabeth Moore,128782.29,Finance,103
930,Elizabeth Moore,128782.29,Finance,103
563,Scott Green,128751.41,Finance,105
563,Scott Green,128751.41,Finance,105
494,John Phillips,128338.36,Finance,107
494,John Phillips,128338.36,Finance,107
241,Joshua Garrison,127649.28,Finance,109
241,Joshua Garrison,127649.28,Finance,109
470,Thomas Keller,127304.6,Finance,111
470,Thomas Keller,127304.6,Finance,111
540,Jason Pruitt,127241.78,Finance,113
540,Jason Pruitt,127241.78,Finance,113
207,Gina Thomas,126598.55,Finance,115
207,Gina Thomas,126598.55,Finance,115
54,Samantha Mendez,126540.96,Finance,117
54,Samantha Mendez,126540.96,Finance,117
818,Vanessa Sullivan,126499.75,Finance,119
818,Vanessa Sullivan,126499.75,Finance,119
297,Angela Strickland,126287.54,Finance,121
297,Angela Strickland,126287.54,Finance,121
898,Eric Thompson,126220.27,Finance,123
898,Eric Thompson,126220.27,Finance,123
987,Christie Andrade,125833.29,Finance,125
987,Christie Andrade,125833.29,Finance,125
18,Robert Roy,125792.07,Finance,127
18,Robert Roy,125792.07,Finance,127
365,Jeremy Johnson,123895.4,Finance,129
365,Jeremy Johnson,123895.4,Finance,129
712,Michael Alexander,123845.32,Finance,131
712,Michael Alexander,123845.32,Finance,131
762,Mr. Andrew Jones DDS,123539.79,Finance,133
762,Mr. Andrew Jones DDS,123539.79,Finance,133
334,Dawn Arnold DVM,121555.61,Finance,135
334,Dawn Arnold DVM,121555.61,Finance,135
505,Ryan Johnson,121271.68,Finance,137
505,Ryan Johnson,121271.68,Finance,137
140,Brandon Miller,121242.6,Finance,139
140,Brandon Miller,121242.6,Finance,139
933,Rachel Moore,121092.81,Finance,141
933,Rachel Moore,121092.81,Finance,141
289,Shannon Stephens,120911.35,Finance,143
289,Shannon Stephens,120911.35,Finance,143
709,Roger Wright,120529.6,Finance,145
709,Roger Wright,120529.6,Finance,145
642,Michael Barrera,120475.85,Finance,147
642,Michael Barrera,120475.85,Finance,147
486,Julie Harris,120317.08,Finance,149
486,Julie Harris,120317.08,Finance,149
935,Karina Thomas,119937.08,Finance,151
935,Karina Thomas,119937.08,Finance,151
637,Tamara Lyons,119803.56,Finance,153
637,Tamara Lyons,119803.56,Finance,153
6,Abigail Palmer,118762.47,Finance,155
6,Abigail Palmer,118762.47,Finance,155
431,Michael Miller,118581.58,Finance,157
431,Michael Miller,118581.58,Finance,157
119,Andrew Perry,117786.18,Finance,159
119,Andrew Perry,117786.18,Finance,159
618,Cheyenne Evans,117777.23,Finance,161
618,Cheyenne Evans,117777.23,Finance,161
27,Sabrina Thomas,117703.61,Finance,163
27,Sabrina Thomas,117703.61,Finance,163
517,Anthony Huerta,117620.44,Finance,165
517,Anthony Huerta,117620.44,Finance,165
367,Linda Joseph,117337.58,Finance,167
367,Linda Joseph,117337.58,Finance,167
108,Joseph Jones,116598.59,Finance,169
108,Joseph Jones,116598.59,Finance,169
423,Maria Anderson,116544.68,Finance,171
423,Maria Anderson,116544.68,Finance,171
8,Karen Lopez,114393.23,Finance,173
8,Karen Lopez,114393.23,Finance,173
538,Sarah Clark,114165.68,Finance,175
538,Sarah Clark,114165.68,Finance,175
250,Nicole Chapman,113859.59,Finance,177
250,Nicole Chapman,113859.59,Finance,177
20,Isaac Walker,112534.72,Finance,179
20,Isaac Walker,112534.72,Finance,179
101,Calvin Nichols,110937.58,Finance,181
101,Calvin Nichols,110937.58,Finance,181
909,Julia Pearson,108573.61,Finance,183
909,Julia Pearson,108573.61,Finance,183
890,Nathan Strickland,108093.77,Finance,185
890,Nathan Strickland,108093.77,Finance,185
748,Taylor Hall,108051.68,Finance,187
748,Taylor Hall,108051.68,Finance,187
761,Paul Fox,107516.24,Finance,189
761,Paul Fox,107516.24,Finance,189
685,Jessica Melton,107440.62,Finance,191
685,Jessica Melton,107440.62,Finance,191
389,Stacy Poole,107310.78,Finance,193
389,Stacy Poole,107310.78,Finance,193
553,Hannah Parks,107052.59,Finance,195
553,Hannah Parks,107052.59,Finance,195
955,Amanda Bradley,106974.18,Finance,197
955,Amanda Bradley,106974.18,Finance,197
522,Lauren White,106843.33,Finance,199
522,Lauren White,106843.33,Finance,199
558,Nathan Craig,106803.53,Finance,201
558,Nathan Craig,106803.53,Finance,201
232,Michael Gonzalez,105935.11,Finance,203
232,Michael Gonzalez,105935.11,Finance,203
790,Karla Cardenas,105926.15,Finance,205
790,Karla Cardenas,105926.15,Finance,205
976,David Castillo,105895.57,Finance,207
976,David Castillo,105895.57,Finance,207
390,Shari Jennings,105890.41,Finance,209
390,Shari Jennings,105890.41,Finance,209
467,David Walter,105771.47,Finance,211
467,David Walter,105771.47,Finance,211
314,Ronald Jones,105570.03,Finance,213
314,Ronald Jones,105570.03,Finance,213
597,Ronald Moore,105415.94,Finance,215
597,Ronald Moore,105415.94,Finance,215
809,Joshua Thompson,104705.91,Finance,217
809,Joshua Thompson,104705.91,Finance,217
966,Bryan Lewis,104447.18,Finance,219
966,Bryan Lewis,104447.18,Finance,219
774,Kurt Anderson,104297.31,Finance,221
774,Kurt Anderson,104297.31,Finance,221
308,Lucas Coleman,103403.77,Finance,223
308,Lucas Coleman,103403.77,Finance,223
194,James Jones,102735.26,Finance,225
194,James Jones,102735.26,Finance,225
51,Alan Nunez,102071.51,Finance,227
51,Alan Nunez,102071.51,Finance,227
267,Travis Meadows,100901.01,Finance,229
267,Travis Meadows,100901.01,Finance,229
760,Brian Welch,99424.68,Finance,231
760,Brian Welch,99424.68,Finance,231
22,Jason Kelly,98760.13,Finance,233
22,Jason Kelly,98760.13,Finance,233
442,Ann Chandler,98375.8,Finance,235
442,Ann Chandler,98375.8,Finance,235
164,Dr. Cheryl Fitzpatrick,98099.97,Finance,237
164,Dr. Cheryl Fitzpatrick,98099.97,Finance,237
523,Charles Frederick,96813.28,Finance,239
523,Charles Frederick,96813.28,Finance,239
735,Teresa Anderson,96709.55,Finance,241
735,Teresa Anderson,96709.55,Finance,241
50,Beth Myers,96572.66,Finance,243
50,Beth Myers,96572.66,Finance,243
105,Michaela Murphy,96464.4,Finance,245
105,Michaela Murphy,96464.4,Finance,245
916,Lacey Johnson,96444.87,Finance,247
916,Lacey Johnson,96444.87,Finance,247
913,Joseph Nichols,95946.02,Finance,249
913,Joseph Nichols,95946.02,Finance,249
824,Anna Johnson,95484.15,Finance,251
824,Anna Johnson,95484.15,Finance,251
996,Melissa Black,95350.65,Finance,253
996,Melissa Black,95350.65,Finance,253
654,Lydia Brandt,95306.03,Finance,255
654,Lydia Brandt,95306.03,Finance,255
938,Patrick Parker,95182.24,Finance,257
938,Patrick Parker,95182.24,Finance,257
986,Ryan Wright,94950.91,Finance,259
986,Ryan Wright,94950.91,Finance,259
786,Randy Kidd,94082.44,Finance,261
786,Randy Kidd,94082.44,Finance,261
42,Alexander Miller,93644.07,Finance,263
42,Alexander Miller,93644.07,Finance,263
646,Michael Hubbard III,93571.55,Finance,265
646,Michael Hubbard III,93571.55,Finance,265
496,Christopher Cabrera,92994.86,Finance,267
496,Christopher Cabrera,92994.86,Finance,267
718,Gregory Smith,92792.27,Finance,269
718,Gregory Smith,92792.27,Finance,269
939,Danny Smith,90794.94,Finance,271
939,Danny Smith,90794.94,Finance,271
191,Michelle Rodriguez,89782.55,Finance,273
191,Michelle Rodriguez,89782.55,Finance,273
658,Heidi Navarro,88419.72,Finance,275
658,Heidi Navarro,88419.72,Finance,275
795,Joshua Jackson,88258.39,Finance,277
795,Joshua Jackson,88258.39,Finance,277
982,Michael Jackson,88248.45,Finance,279
982,Michael Jackson,88248.45,Finance,279
173,Erin Mcconnell,87980.31,Finance,281
173,Erin Mcconnell,87980.31,Finance,281
275,Jennifer Lucas,87799.39,Finance,283
275,Jennifer Lucas,87799.39,Finance,283
767,John Gould,86572.04,Finance,285
767,John Gould,86572.04,Finance,285
471,David Smith,85620.37,Finance,287
471,David Smith,85620.37,Finance,287
670,Olivia Horton,85175.39,Finance,289
670,Olivia Horton,85175.39,Finance,289
700,Maria Rivera,84943.3,Finance,291
700,Maria Rivera,84943.3,Finance,291
316,Jennifer Hicks,82912.6,Finance,293
316,Jennifer Hicks,82912.6,Finance,293
35,Theodore Perkins,82795.81,Finance,295
35,Theodore Perkins,82795.81,Finance,295
378,Brian Hernandez,82720.38,Finance,297
378,Brian Hernandez,82720.38,Finance,297
37,Amanda Campbell,82024.86,Finance,299
37,Amanda Campbell,82024.86,Finance,299
705,Scott Young,81266.07,Finance,301
705,Scott Young,81266.07,Finance,301
408,John Brooks,81241.04,Finance,303
408,John Brooks,81241.04,Finance,303
734,John Rodriguez,80654.26,Finance,305
734,John Rodriguez,80654.26,Finance,305
157,Daniel Harris,80230.7,Finance,307
157,Daniel Harris,80230.7,Finance,307
836,Destiny Cross,80037.66,Finance,309
836,Destiny Cross,80037.66,Finance,309
857,David Ryan,75281.44,Finance,311
857,David Ryan,75281.44,Finance,311
992,Erin Evans,74764.97,Finance,313
992,Erin Evans,74764.97,Finance,313
692,Kayla Fry,73122.89,Finance,315
692,Kayla Fry,73122.89,Finance,315
520,Daniel Higgins,72757.06,Finance,317
520,Daniel Higgins,72757.06,Finance,317
208,Ronald Lee,72293.63,Finance,319
208,Ronald Lee,72293.63,Finance,319
330,Justin Morrow,71881.39,Finance,321
330,Justin Morrow,71881.39,Finance,321
547,Kaitlyn Lawrence,71613.46,Finance,323
547,Kaitlyn Lawrence,71613.46,Finance,323
88,Jill Mack,70912.18,Finance,325
88,Jill Mack,70912.18,Finance,325
148,Walter Soto,70193.02,Finance,327
148,Walter Soto,70193.02,Finance,327
24,Gina Macias,69897.88,Finance,329
24,Gina Macias,69897.88,Finance,329
801,Brian Martinez,69711.48,Finance,331
801,Brian Martinez,69711.48,Finance,331
940,Gary Lewis,69509.23,Finance,333
940,Gary Lewis,69509.23,Finance,333
901,Justin Lewis,69429.53,Finance,335
901,Justin Lewis,69429.53,Finance,335
958,Michael Carter,68223.94,Finance,337
958,Michael Carter,68223.94,Finance,337
21,Joseph Pruitt,67886.46,Finance,339
21,Joseph Pruitt,67886.46,Finance,339
397,Frances Bell,67492.07,Finance,341
397,Frances Bell,67492.07,Finance,341
172,Robert Joseph,67396.63,Finance,343
172,Robert Joseph,67396.63,Finance,343
485,Rachael Rodriguez,67371.41,Finance,345
485,Rachael Rodriguez,67371.41,Finance,345
104,Kenneth Anderson,66944.13,Finance,347
104,Kenneth Anderson,66944.13,Finance,347
176,Stacey Pearson,66688.77,Finance,349
176,Stacey Pearson,66688.77,Finance,349
63,Christopher Chapman,66278.03,Finance,351
63,Christopher Chapman,66278.03,Finance,351
61,William Garrett,65293.47,Finance,353
61,William Garrett,65293.47,Finance,353
521,Christopher Reed,63710.84,Finance,355
521,Christopher Reed,63710.84,Finance,355
312,Chad Duncan,63666.75,Finance,357
312,Chad Duncan,63666.75,Finance,357
197,Carrie Smith,63557.37,Finance,359
197,Carrie Smith,63557.37,Finance,359
284,Tanya Ballard,62129.03,Finance,361
284,Tanya Ballard,62129.03,Finance,361
128,Rachel Harrison,61888.91,Finance,363
128,Rachel Harrison,61888.91,Finance,363
883,Benjamin Wright,61702.06,Finance,365
883,Benjamin Wright,61702.06,Finance,365
121,Scott Williams,61551.92,Finance,367
121,Scott Williams,61551.92,Finance,367
608,Benjamin Bautista,61531.96,Finance,369
608,Benjamin Bautista,61531.96,Finance,369
370,William Jimenez,61263.72,Finance,371
370,William Jimenez,61263.72,Finance,371
427,Brian Lynch,61228.56,Finance,373
427,Brian Lynch,61228.56,Finance,373
382,Ronnie Brown,60941.08,Finance,375
382,Ronnie Brown,60941.08,Finance,375
465,Alyssa Long,58767.73,Finance,377
465,Alyssa Long,58767.73,Finance,377
766,Sabrina Freeman,58097.58,Finance,379
766,Sabrina Freeman,58097.58,Finance,379
695,Meghan Edwards,57202.12,Finance,381
695,Meghan Edwards,57202.12,Finance,381
322,Michele Ware,56761.27,Finance,383
322,Michele Ware,56761.27,Finance,383
262,Aaron Miller,56685.43,Finance,385
262,Aaron Miller,56685.43,Finance,385
1000,Susan Haynes,55498.74,Finance,387
1000,Susan Haynes,55498.74,Finance,387
483,Andrew Garcia,54609.41,Finance,389
483,Andrew Garcia,54609.41,Finance,389
31,David Cameron,54522.13,Finance,391
31,David Cameron,54522.13,Finance,391
447,Christine Dixon,54521.95,Finance,393
447,Christine Dixon,54521.95,Finance,393
677,Robert Walker,53421.77,Finance,395
677,Robert Walker,53421.77,Finance,395
567,Mark Hopkins,53259.72,Finance,397
567,Mark Hopkins,53259.72,Finance,397
601,Jennifer Smith,53221.01,Finance,399
601,Jennifer Smith,53221.01,Finance,399
851,Victoria Glass,52636.01,Finance,401
851,Victoria Glass,52636.01,Finance,401
296,Ms. Megan Warren,52402.09,Finance,403
296,Ms. Megan Warren,52402.09,Finance,403
41,Jennifer Berry,52169.3,Finance,405
41,Jennifer Berry,52169.3,Finance,405
995,Gary Cole,51455.19,Finance,407
995,Gary Cole,51455.19,Finance,407
534,Gene Gonzalez,51001.57,Finance,409
534,Gene Gonzalez,51001.57,Finance,409
596,Angela Keith,50801.85,Finance,411
596,Angela Keith,50801.85,Finance,411
752,Aimee Johnson,50798.54,Finance,413
752,Aimee Johnson,50798.54,Finance,413
864,David Russell,50298.35,Finance,415
864,David Russell,50298.35,Finance,415
432,Randy Raymond,49411.3,Finance,417
432,Randy Raymond,49411.3,Finance,417
698,Christopher Castro,46988.31,Finance,419
698,Christopher Castro,46988.31,Finance,419
220,Dale Cox,46620.94,Finance,421
220,Dale Cox,46620.94,Finance,421
589,Latasha Wallace,45119.04,Finance,423
589,Latasha Wallace,45119.04,Finance,423
362,Ashley Callahan,44112.6,Finance,425
362,Ashley Callahan,44112.6,Finance,425
908,Gregory Michael,43016.46,Finance,427
908,Gregory Michael,43016.46,Finance,427
732,Jason Lee,42940.57,Finance,429
732,Jason Lee,42940.57,Finance,429
663,Denise Marshall,42508.01,Finance,431
663,Denise Marshall,42508.01,Finance,431
154,David Garcia,42106.25,Finance,433
154,David Garcia,42106.25,Finance,433
991,Lori Hurst,41720.41,Finance,435
991,Lori Hurst,41720.41,Finance,435
469,Erin Jenkins,41555.11,Finance,437
469,Erin Jenkins,41555.11,Finance,437
163,Joshua Mendoza,40542.79,Finance,439
163,Joshua Mendoza,40542.79,Finance,439
363,Christopher Jennings PhD,40228.21,Finance,441
363,Christopher Jennings PhD,40228.21,Finance,441
656,Steven Cole,148918.83,HR,1
656,Steven Cole,148918.83,HR,1
298,Thomas Nguyen,148805.24,HR,3
298,Thomas Nguyen,148805.24,HR,3
951,David Black,148740.69,HR,5
951,David Black,148740.69,HR,5
375,Richard Brooks,148072.22,HR,7
375,Richard Brooks,148072.22,HR,7
845,Stephen Rodriguez,148071.41,HR,9
845,Stephen Rodriguez,148071.41,HR,9
820,John Zavala,148037.95,HR,11
820,John Zavala,148037.95,HR,11
236,David Frey,147845.54,HR,13
236,David Frey,147845.54,HR,13
726,Michael Sims,146764.63,HR,15
726,Michael Sims,146764.63,HR,15
209,Megan Sparks,145708.71,HR,17
209,Megan Sparks,145708.71,HR,17
716,Angela Cole,145109.57,HR,19
716,Angela Cole,145109.57,HR,19
746,Robin Webster,144244.79,HR,21
746,Robin Webster,144244.79,HR,21
749,Robin Oneill,141749.14,HR,23
749,Robin Oneill,141749.14,HR,23
510,Steve Crawford,140939.82,HR,25
510,Steve Crawford,140939.82,HR,25
614,Matthew Alvarado,140925.07,HR,27
614,Matthew Alvarado,140925.07,HR,27
112,Karen Cooper,140701.74,HR,29
112,Karen Cooper,140701.74,HR,29
281,April Adams,139716.71,HR,31
281,April Adams,139716.71,HR,31
621,Jennifer Thomas,139261.3,HR,33
621,Jennifer Thomas,139261.3,HR,33
787,Ann Soto,138537.49,HR,35
787,Ann Soto,138537.49,HR,35
571,Laura Barry,138199.51,HR,37
571,Laura Barry,138199.51,HR,37
912,Brandi Cook,137936.17,HR,39
912,Brandi Cook,137936.17,HR,39
947,Ashley Miller,136059.49,HR,41
947,Ashley Miller,136059.49,HR,41
371,Blake Cochran Jr.,135767.72,HR,43
371,Blake Cochran Jr.,135767.72,HR,43
528,Katherine Deleon,135331.37,HR,45
528,Katherine Deleon,135331.37,HR,45
932,Beverly Ross,135024.49,HR,47
932,Beverly Ross,135024.49,HR,47
727,Kayla Hines,134332.83,HR,49
727,Kayla Hines,134332.83,HR,49
89,James Bender,132623.69,HR,51
89,James Bender,132623.69,HR,51
764,John Miller,132419.97,HR,53
764,John Miller,132419.97,HR,53
797,Deborah Myers,132349.6,HR,55
797,Deborah Myers,132349.6,HR,55
449,Miss Christine Nelson,132338.06,HR,57
449,Miss Christine Nelson,132338.06,HR,57
144,Hailey Gonzalez,132214.64,HR,59
144,Hailey Gonzalez,132214.64,HR,59
30,Cheryl Moore,131831.15,HR,61
30,Cheryl Moore,131831.15,HR,61
975,James Hahn,131335.55,HR,63
975,James Hahn,131335.55,HR,63
796,Cynthia Meyer,131308.6,HR,65
796,Cynthia Meyer,131308.6,HR,65
724,Joshua Lynch,131195.7,HR,67
724,Joshua Lynch,131195.7,HR,67
118,Raymond Jones,129531.79,HR,69
118,Raymond Jones,129531.79,HR,69
758,Bobby Gonzalez,127791.43,HR,71
758,Bobby Gonzalez,127791.43,HR,71
675,Meghan Davis,126845.94,HR,73
675,Meghan Davis,126845.94,HR,73
671,Sherry Rogers,126462.84,HR,75
671,Sherry Rogers,126462.84,HR,75
793,Charles Steele,125844.25,HR,77
793,Charles Steele,125844.25,HR,77
460,Chris Shelton,124853.22,HR,79
460,Chris Shelton,124853.22,HR,79
349,Maria Johnson,124231.56,HR,81
349,Maria Johnson,124231.56,HR,81
184,Michael Wolf,123993.18,HR,83
184,Michael Wolf,123993.18,HR,83
213,Daniel Duncan,123666.48,HR,85
213,Daniel Duncan,123666.48,HR,85
888,Tyler West,123159.86,HR,87
888,Tyler West,123159.86,HR,87
535,William Randolph,123101.03,HR,89
535,William Randolph,123101.03,HR,89
352,Jose Richards,122060.69,HR,91
352,Jose Richards,122060.69,HR,91
612,Anthony Berry,121360.31,HR,93
612,Anthony Berry,121360.31,HR,93
659,Andrea Shaw DDS,120103.07,HR,95
659,Andrea Shaw DDS,120103.07,HR,95
886,Brian Torres,119540.83,HR,97
886,Brian Torres,119540.83,HR,97
778,Kimberly Vang,119331.96,HR,99
778,Kimberly Vang,119331.96,HR,99
653,Jacqueline Reeves,118632.47,HR,101
653,Jacqueline Reeves,118632.47,HR,101
638,Kimberly Sullivan,118154.32,HR,103
638,Kimberly Sullivan,118154.32,HR,103
146,Tammy Robertson,117787.61,HR,105
146,Tammy Robertson,117787.61,HR,105
518,Andrea Berry,117469.59,HR,107
518,Andrea Berry,117469.59,HR,107
478,Julia Chavez,117376.65,HR,109
478,Julia Chavez,117376.65,HR,109
319,Sarah Mack,116871.98,HR,111
319,Sarah Mack,116871.98,HR,111
502,Dakota Reyes,115660.38,HR,113
502,Dakota Reyes,115660.38,HR,113
19,Robin Vincent,115581.66,HR,115
19,Robin Vincent,115581.66,HR,115
979,Robin Russell,115569.27,HR,117
979,Robin Russell,115569.27,HR,117
964,Katherine Washington MD,114607.95,HR,119
964,Katherine Washington MD,114607.95,HR,119
543,Jesse Sparks,113612.09,HR,121
543,Jesse Sparks,113612.09,HR,121
814,Angela Collier,113456.23,HR,123
814,Angela Collier,113456.23,HR,123
667,Daniel Knight,112429.58,HR,125
667,Daniel Knight,112429.58,HR,125
353,Christine Miller,112301.09,HR,127
353,Christine Miller,112301.09,HR,127
803,David Owens,112257.02,HR,129
803,David Owens,112257.02,HR,129
990,Steven Young,112116.52,HR,131
990,Steven Young,112116.52,HR,131
776,Renee Goodwin,111932.44,HR,133
776,Renee Goodwin,111932.44,HR,133
455,Michael Robbins,110606.61,HR,135
455,Michael Robbins,110606.61,HR,135
541,Lisa Rush,110161.11,HR,137
541,Lisa Rush,110161.11,HR,137
508,Leonard Gray,110000.43,HR,139
508,Leonard Gray,110000.43,HR,139
185,Mindy Day,109756.37,HR,141
185,Mindy Day,109756.37,HR,141
5,Sean Mccarthy,109255.6,HR,143
5,Sean Mccarthy,109255.6,HR,143
210,Richard Franklin,108576.66,HR,145
210,Richard Franklin,108576.66,HR,145
484,Sandra Mcmahon,108220.97,HR,147
484,Sandra Mcmahon,108220.97,HR,147
984,Zachary Hensley,107260.09,HR,149
984,Zachary Hensley,107260.09,HR,149
632,Michelle Carter,106763.18,HR,151
632,Michelle Carter,106763.18,HR,151
38,Jennifer Smith,106576.77,HR,153
38,Jennifer Smith,106576.77,HR,153
91,Christine Hamilton,106328.36,HR,155
91,Christine Hamilton,106328.36,HR,155
915,Anna Gonzalez,105627.07,HR,157
915,Anna Gonzalez,105627.07,HR,157
83,Allen Lee,104205.39,HR,159
83,Allen Lee,104205.39,HR,159
690,Steven Friedman,102476.76,HR,161
690,Steven Friedman,102476.76,HR,161
212,James Curtis,102078.27,HR,163
212,James Curtis,102078.27,HR,163
462,Kevin Waters,101982.57,HR,165
462,Kevin Waters,101982.57,HR,165
846,Christy Lopez,101963.9,HR,167
846,Christy Lopez,101963.9,HR,167
531,Andrea Sparks,100774.34,HR,169
531,Andrea Sparks,100774.34,HR,169
160,Lisa Marks,100723.31,HR,171
160,Lisa Marks,100723.31,HR,171
480,Robert Tate,100588.22,HR,173
480,Robert Tate,100588.22,HR,173
977,Derrick Perez DVM,99839.23,HR,175
977,Derrick Perez DVM,99839.23,HR,175
985,Wyatt Vaughan,99207.82,HR,177
985,Wyatt Vaughan,99207.82,HR,177
674,Kayla Martinez,98882.5,HR,179
674,Kayla Martinez,98882.5,HR,179
630,Emily Neal,97765.11,HR,181
630,Emily Neal,97765.11,HR,181
277,Vincent Sanchez,96949.56,HR,183
277,Vincent Sanchez,96949.56,HR,183
72,Christopher Park,96838.59,HR,185
72,Christopher Park,96838.59,HR,185
151,Ryan Rivera,95312.42,HR,187
151,Ryan Rivera,95312.42,HR,187
3,Tracy Martin,94998.96,HR,189
3,Tracy Martin,94998.96,HR,189
445,Amy Romero,94729.18,HR,191
445,Amy Romero,94729.18,HR,191
737,Frank Daniels,94146.15,HR,193
737,Frank Daniels,94146.15,HR,193
346,Jacqueline Garcia,93891.0,HR,195
346,Jacqueline Garcia,93891.0,HR,195
355,Jeremy Stanley,93723.1,HR,197
355,Jeremy Stanley,93723.1,HR,197
530,Shannon Vaughan,93494.6,HR,199
530,Shannon Vaughan,93494.6,HR,199
942,Mr. Brent Davenport,92213.01,HR,201
942,Mr. Brent Davenport,92213.01,HR,201
45,Eric Guzman,91900.5,HR,203
45,Eric Guzman,91900.5,HR,203
294,James Mccarthy,91206.32,HR,205
294,James Mccarthy,91206.32,HR,205
264,Jonathan Brown,90149.91,HR,207
264,Jonathan Brown,90149.91,HR,207
385,Amanda Bond,88891.38,HR,209
385,Amanda Bond,88891.38,HR,209
620,Taylor Black,88788.48,HR,211
620,Taylor Black,88788.48,HR,211
489,Jennifer Carr,88678.74,HR,213
489,Jennifer Carr,88678.74,HR,213
393,Paul Peterson,88506.54,HR,215
393,Paul Peterson,88506.54,HR,215
440,Marcus Jackson,87695.33,HR,217
440,Marcus Jackson,87695.33,HR,217
893,James Smith,86275.11,HR,219
893,James Smith,86275.11,HR,219
970,Shelly Gutierrez,85878.87,HR,221
970,Shelly Gutierrez,85878.87,HR,221
647,Michael Brown,85265.76,HR,223
647,Michael Brown,85265.76,HR,223
306,Duane Scott,85146.12,HR,225
306,Duane Scott,85146.12,HR,225
141,Ryan Grant,85047.83,HR,227
141,Ryan Grant,85047.83,HR,227
464,Christopher Sullivan,84684.37,HR,229
464,Christopher Sullivan,84684.37,HR,229
55,Kelsey Rivera,84462.9,HR,231
55,Kelsey Rivera,84462.9,HR,231
585,Elizabeth Harris,83247.38,HR,233
585,Elizabeth Harris,83247.38,HR,233
805,Elizabeth Castillo,82346.49,HR,235
805,Elizabeth Castillo,82346.49,HR,235
259,Lindsey Andersen,81807.37,HR,237
259,Lindsey Andersen,81807.37,HR,237
474,Allison Montoya,81756.77,HR,239
474,Allison Montoya,81756.77,HR,239
756,Andrew Calhoun,80939.16,HR,241
756,Andrew Calhoun,80939.16,HR,241
249,Todd Ross,80695.37,HR,243
249,Todd Ross,80695.37,HR,243
392,Kelly Smith,80537.56,HR,245
392,Kelly Smith,80537.56,HR,245
263,Megan Jimenez,80248.56,HR,247
263,Megan Jimenez,80248.56,HR,247
204,Douglas Sellers DDS,79268.62,HR,249
204,Douglas Sellers DDS,79268.62,HR,249
828,Anthony Banks,79143.03,HR,251
828,Anthony Banks,79143.03,HR,251
90,Lisa Woodward,76895.3,HR,253
90,Lisa Woodward,76895.3,HR,253
755,James Gardner,76129.96,HR,255
755,James Gardner,76129.96,HR,255
680,Jessica Lee,75992.27,HR,257
680,Jessica Lee,75992.27,HR,257
186,Timothy Carter,74852.77,HR,259
186,Timothy Carter,74852.77,HR,259
301,Scott Davis,73911.67,HR,261
301,Scott Davis,73911.67,HR,261
946,Jason Johnson,73713.19,HR,263
946,Jason Johnson,73713.19,HR,263
94,Mario Arnold,72965.89,HR,265
94,Mario Arnold,72965.89,HR,265
95,Dylan Lopez,71902.75,HR,267
95,Dylan Lopez,71902.75,HR,267
729,Vincent Mays,71547.13,HR,269
729,Vincent Mays,71547.13,HR,269
120,Debbie Hernandez,71438.12,HR,271
120,Debbie Hernandez,71438.12,HR,271
406,Louis Hawkins,71048.88,HR,273
406,Louis Hawkins,71048.88,HR,273
7,Paul Richardson,70533.66,HR,275
7,Paul Richardson,70533.66,HR,275
253,Leonard Powell,70457.12,HR,277
253,Leonard Powell,70457.12,HR,277
169,Tom Henderson,69033.14,HR,279
169,Tom Henderson,69033.14,HR,279
998,Cole Wang,68957.84,HR,281
998,Cole Wang,68957.84,HR,281
511,Angela Mccarthy,68576.08,HR,283
511,Angela Mccarthy,68576.08,HR,283
897,Bradley Franklin,68275.59,HR,285
897,Bradley Franklin,68275.59,HR,285
266,Deanna Weber,67346.91,HR,287
266,Deanna Weber,67346.91,HR,287
759,Sabrina Gaines,67192.82,HR,289
759,Sabrina Gaines,67192.82,HR,289
853,Lisa Garcia,67120.13,HR,291
853,Lisa Garcia,67120.13,HR,291
437,Thomas Nguyen,64873.41,HR,293
437,Thomas Nguyen,64873.41,HR,293
613,Gabriela Brown,64735.24,HR,295
613,Gabriela Brown,64735.24,HR,295
351,Cassie Marsh,64379.75,HR,297
351,Cassie Marsh,64379.75,HR,297
488,Joseph Elliott,64309.99,HR,299
488,Joseph Elliott,64309.99,HR,299
725,Julia Ray,64304.66,HR,301
725,Julia Ray,64304.66,HR,301
143,William Miller,63903.27,HR,303
143,William Miller,63903.27,HR,303
222,David Cameron,63780.04,HR,305
222,David Cameron,63780.04,HR,305
721,Gabrielle Cobb,63338.71,HR,307
721,Gabrielle Cobb,63338.71,HR,307
554,Christopher Weber,61951.52,HR,309
554,Christopher Weber,61951.52,HR,309
223,Samantha Huff,59573.96,HR,311
223,Samantha Huff,59573.96,HR,311
963,Andrew Ellis,59312.71,HR,313
963,Andrew Ellis,59312.71,HR,313
174,Amanda Patton,58258.22,HR,315
174,Amanda Patton,58258.22,HR,315
743,Mary Ware,58248.29,HR,317
743,Mary Ware,58248.29,HR,317
444,Rachel Peterson MD,57895.53,HR,319
444,Rachel Peterson MD,57895.53,HR,319
546,Ronald Mccarthy,57855.97,HR,321
546,Ronald Mccarthy,57855.97,HR,321
345,Amy Stokes,56737.87,HR,323
345,Amy Stokes,56737.87,HR,323
310,Danielle Weber,56662.2,HR,325
310,Danielle Weber,56662.2,HR,325
994,Terry Walters,55754.18,HR,327
994,Terry Walters,55754.18,HR,327
106,Michael Graham,55263.8,HR,329
106,Michael Graham,55263.8,HR,329
741,Harold Hall,54902.52,HR,331
741,Harold Hall,54902.52,HR,331
117,Terri Johnson,54662.44,HR,333
117,Terri Johnson,54662.44,HR,333
68,Bryan Mccoy,53512.48,HR,335
68,Bryan Mccoy,53512.48,HR,335
326,Cynthia Bell,52255.97,HR,337
326,Cynthia Bell,52255.97,HR,337
343,Sheila Parks,52173.09,HR,339
343,Sheila Parks,52173.09,HR,339
161,Walter Gonzalez,52163.98,HR,341
161,Walter Gonzalez,52163.98,HR,341
147,Allison Quinn,51978.51,HR,343
147,Allison Quinn,51978.51,HR,343
829,Jacob Lopez,51921.06,HR,345
829,Jacob Lopez,51921.06,HR,345
650,Laura Jenkins,51345.99,HR,347
650,Laura Jenkins,51345.99,HR,347
426,William Schaefer,49969.84,HR,349
426,William Schaefer,49969.84,HR,349
499,Carrie Davenport,49671.72,HR,351
499,Carrie Davenport,49671.72,HR,351
456,Ashley Frank,49669.44,HR,353
456,Ashley Frank,49669.44,HR,353
770,Valerie Turner,48198.61,HR,355
770,Valerie Turner,48198.61,HR,355
678,Jeff Becker,48118.67,HR,357
678,Jeff Becker,48118.67,HR,357
648,Kenneth Luna,47078.82,HR,359
648,Kenneth Luna,47078.82,HR,359
997,Lauren Johnson,46239.38,HR,361
997,Lauren Johnson,46239.38,HR,361
321,Janice Reyes,46020.99,HR,363
321,Janice Reyes,46020.99,HR,363
461,Elizabeth Mcmillan,45746.54,HR,365
461,Elizabeth Mcmillan,45746.54,HR,365
434,Kyle Taylor,45502.09,HR,367
434,Kyle Taylor,45502.09,HR,367
86,Pamela Hunt,45437.14,HR,369
86,Pamela Hunt,45437.14,HR,369
875,Matthew Hansen,44940.82,HR,371
875,Matthew Hansen,44940.82,HR,371
29,Allen Boyer,44023.43,HR,373
29,Allen Boyer,44023.43,HR,373
256,Amber Charles,43375.61,HR,375
256,Amber Charles,43375.61,HR,375
593,Lindsey Bentley,43304.33,HR,377
593,Lindsey Bentley,43304.33,HR,377
323,Jay Phillips,43295.44,HR,379
323,Jay Phillips,43295.44,HR,379
794,Katie Hendrix,43007.52,HR,381
794,Katie Hendrix,43007.52,HR,381
627,Michael Durham,42457.48,HR,383
627,Michael Durham,42457.48,HR,383
849,Evan Morris,41839.18,HR,385
849,Evan Morris,41839.18,HR,385
577,Donna Sparks,41700.12,HR,387
577,Donna Sparks,41700.12,HR,387
479,Jasmine Gonzalez,41662.11,HR,389
479,Jasmine Gonzalez,41662.11,HR,389
92,Michael Rivers,41059.75,HR,391
92,Michael Rivers,41059.75,HR,391
634,Carrie Esparza,40445.07,HR,393
634,Carrie Esparza,40445.07,HR,393
665,Frederick Fuller,149392.32,IT,1
665,Frederick Fuller,149392.32,IT,1
819,Laura Hall,148375.38,IT,3
819,Laura Hall,148375.38,IT,3
303,Daniel Bryant,147946.53,IT,5
303,Daniel Bryant,147946.53,IT,5
123,Michael Edwards,147824.81,IT,7
123,Michael Edwards,147824.81,IT,7
269,Elizabeth Thomas,147009.02,IT,9
269,Elizabeth Thomas,147009.02,IT,9
532,Scott Berry,146360.79,IT,11
532,Scott Berry,146360.79,IT,11
948,Wendy Young,145520.08,IT,13
948,Wendy Young,145520.08,IT,13
905,Barry Bradley,143380.56,IT,15
905,Barry Bradley,143380.56,IT,15
217,Stephanie Jacobson,142424.21,IT,17
217,Stephanie Jacobson,142424.21,IT,17
477,Amber Kennedy,141965.58,IT,19
477,Amber Kennedy,141965.58,IT,19
751,Marcia Flores,140515.95,IT,21
751,Marcia Flores,140515.95,IT,21
501,Maria Logan,140378.43,IT,23
501,Maria Logan,140378.43,IT,23
507,Aaron Graham,140277.08,IT,25
507,Aaron Graham,140277.08,IT,25
162,Brian Vega,139680.8,IT,27
162,Brian Vega,139680.8,IT,27
16,Justin Warren,139476.33,IT,29
16,Justin Warren,139476.33,IT,29
448,Matthew Rojas,138902.5,IT,31
448,Matthew Rojas,138902.5,IT,31
182,Benjamin Casey,138579.96,IT,33
182,Benjamin Casey,138579.96,IT,33
171,James Rodriguez,138415.92,IT,35
171,James Rodriguez,138415.92,IT,35
782,Norma Jackson,137780.81,IT,37
782,Norma Jackson,137780.81,IT,37
896,Terrence Wilson,137470.55,IT,39
896,Terrence Wilson,137470.55,IT,39
459,Michael Williams,137463.74,IT,41
459,Michael Williams,137463.74,IT,41
248,Kristin Garcia,137184.08,IT,43
248,Kristin Garcia,137184.08,IT,43
800,Jeffrey Small,137051.02,IT,45
800,Jeffrey Small,137051.02,IT,45
59,Tracy Crawford,136927.19,IT,47
59,Tracy Crawford,136927.19,IT,47
180,Ashley Gray,136780.09,IT,49
180,Ashley Gray,136780.09,IT,49
715,Travis Smith,136642.5,IT,51
715,Travis Smith,136642.5,IT,51
754,Johnny Terrell,136068.04,IT,53
754,Johnny Terrell,136068.04,IT,53
904,Joseph Rogers,135812.17,IT,55
904,Joseph Rogers,135812.17,IT,55
341,David Rodgers,135809.8,IT,57
341,David Rodgers,135809.8,IT,57
424,Adam Anderson,135580.78,IT,59
424,Adam Anderson,135580.78,IT,59
356,Jack Patterson,134487.97,IT,61
356,Jack Patterson,134487.97,IT,61
513,Rachel Arroyo,133896.04,IT,63
513,Rachel Arroyo,133896.04,IT,63
775,Joseph Avery,133788.93,IT,65
775,Joseph Avery,133788.93,IT,65
960,Rachael Wells,133574.32,IT,67
960,Rachael Wells,133574.32,IT,67
880,Kimberly Patterson,133219.73,IT,69
880,Kimberly Patterson,133219.73,IT,69
265,Jason Ross,132324.99,IT,71
265,Jason Ross,132324.99,IT,71
922,Olivia Bryan,130834.47,IT,73
922,Olivia Bryan,130834.47,IT,73
179,Joseph Anderson,130329.08,IT,75
179,Joseph Anderson,130329.08,IT,75
516,Kristin Bowen,129509.82,IT,77
516,Kristin Bowen,129509.82,IT,77
802,Michael Cox,128477.5,IT,79
802,Michael Cox,128477.5,IT,79
812,Robert Quinn,128429.4,IT,81
812,Robert Quinn,128429.4,IT,81
545,Kelly Frederick,127793.52,IT,83
545,Kelly Frederick,127793.52,IT,83
473,Johnathan Hart,127124.45,IT,85
473,Johnathan Hart,127124.45,IT,85
238,Franklin Cordova,127042.64,IT,87
238,Franklin Cordova,127042.64,IT,87
929,Diane Wells,126120.95,IT,89
929,Diane Wells,126120.95,IT,89
742,Ashley Watts,124969.01,IT,91
742,Ashley Watts,124969.01,IT,91
13,Todd Hamilton,124462.8,IT,93
13,Todd Hamilton,124462.8,IT,93
873,Jacob Anthony,124292.23,IT,95
873,Jacob Anthony,124292.23,IT,95
527,Martin Tran,123973.74,IT,97
527,Martin Tran,123973.74,IT,97
549,Kevin Kane,121366.96,IT,99
549,Kevin Kane,121366.96,IT,99
706,Robert Ingram,121015.16,IT,101
706,Robert Ingram,121015.16,IT,101
833,Robert Hall,119679.26,IT,103
833,Robert Hall,119679.26,IT,103
611,Amber Johnson,119350.76,IT,105
611,Amber Johnson,119350.76,IT,105
76,Lisa Patrick,119108.75,IT,107
76,Lisa Patrick,119108.75,IT,107
863,Debbie Baker,118670.53,IT,109
863,Debbie Baker,118670.53,IT,109
927,Mark Byrd,115740.12,IT,111
927,Mark Byrd,115740.12,IT,111
858,Daniel Miller,115444.74,IT,113
858,Daniel Miller,115444.74,IT,113
11,Valerie Jackson,115039.75,IT,115
11,Valerie Jackson,115039.75,IT,115
463,Bailey Rivas,114382.35,IT,117
463,Bailey Rivas,114382.35,IT,117
258,Justin Harper,113888.1,IT,119
258,Justin Harper,113888.1,IT,119
138,Lori Peterson,113412.85,IT,121
138,Lori Peterson,113412.85,IT,121
830,Elizabeth Butler,113341.58,IT,123
830,Elizabeth Butler,113341.58,IT,123
941,Jill Taylor,113266.68,IT,125
941,Jill Taylor,113266.68,IT,125
599,Tammy Adams,111279.27,IT,127
599,Tammy Adams,111279.27,IT,127
243,Brittany Cantrell,108596.09,IT,129
243,Brittany Cantrell,108596.09,IT,129
699,Peter Thompson,108266.29,IT,131
699,Peter Thompson,108266.29,IT,131
565,Brian Bowen,107698.21,IT,133
565,Brian Bowen,107698.21,IT,133
834,Gregory Reed,107234.38,IT,135
834,Gregory Reed,107234.38,IT,135
383,Anita Allen MD,105882.36,IT,137
383,Anita Allen MD,105882.36,IT,137
399,Dr. Charles Turner,104580.16,IT,139
399,Dr. Charles Turner,104580.16,IT,139
714,Grant Kelley,104393.13,IT,141
714,Grant Kelley,104393.13,IT,141
133,James Haynes,103429.83,IT,143
133,James Haynes,103429.83,IT,143
556,Richard Joseph,103422.86,IT,145
556,Richard Joseph,103422.86,IT,145
195,Samantha Morris,103159.07,IT,147
195,Samantha Morris,103159.07,IT,147
150,Nancy Hunt,102076.97,IT,149
150,Nancy Hunt,102076.97,IT,149
631,Tammy Bray,101871.36,IT,151
631,Tammy Bray,101871.36,IT,151
60,Scott Villarreal,100525.1,IT,153
60,Scott Villarreal,100525.1,IT,153
166,James Sullivan,99873.0,IT,155
166,James Sullivan,99873.0,IT,155
58,Kevin Montgomery,99670.62,IT,157
58,Kevin Montgomery,99670.62,IT,157
70,Thomas Jones DDS,99072.0,IT,159
70,Thomas Jones DDS,99072.0,IT,159
555,Joseph Hickman,98968.05,IT,161
555,Joseph Hickman,98968.05,IT,161
52,Robert Gonzales,98837.32,IT,163
52,Robert Gonzales,98837.32,IT,163
974,Mark Smith,98348.21,IT,165
974,Mark Smith,98348.21,IT,165
453,Aaron Craig,96817.13,IT,167
453,Aaron Craig,96817.13,IT,167
871,Brian Tran,96189.52,IT,169
871,Brian Tran,96189.52,IT,169
921,Michael Davis,94283.29,IT,171
921,Michael Davis,94283.29,IT,171
268,Kara Short,94065.44,IT,173
268,Kara Short,94065.44,IT,173
302,Barbara Patrick,93296.86,IT,175
302,Barbara Patrick,93296.86,IT,175
771,Robert Davis,93217.79,IT,177
771,Robert Davis,93217.79,IT,177
625,Peter Perkins,92221.14,IT,179
625,Peter Perkins,92221.14,IT,179
348,James Murray,91889.62,IT,181
348,James Murray,91889.62,IT,181
693,Miss Lauren Alexander,91808.57,IT,183
693,Miss Lauren Alexander,91808.57,IT,183
918,Teresa Dillon,91795.8,IT,185
918,Teresa Dillon,91795.8,IT,185
331,Melissa Boyle MD,91245.68,IT,187
331,Melissa Boyle MD,91245.68,IT,187
125,Cory Doyle,90621.08,IT,189
125,Cory Doyle,90621.08,IT,189
903,Andrea Lee,90007.8,IT,191
903,Andrea Lee,90007.8,IT,191
804,Derrick Fox,89385.61,IT,193
804,Derrick Fox,89385.61,IT,193
53,Rhonda Hughes,89353.32,IT,195
53,Rhonda Hughes,89353.32,IT,195
550,Tasha Sanchez,89180.7,IT,197
550,Tasha Sanchez,89180.7,IT,197
252,Laura Buckley,88969.65,IT,199
252,Laura Buckley,88969.65,IT,199
344,Cody Mann,88945.49,IT,201
344,Cody Mann,88945.49,IT,201
255,Robin Smith,88615.43,IT,203
255,Robin Smith,88615.43,IT,203
710,Shawn Griffin,87896.2,IT,205
710,Shawn Griffin,87896.2,IT,205
85,Mike Jefferson,87418.39,IT,207
85,Mike Jefferson,87418.39,IT,207
215,Joseph Harris Jr.,87368.06,IT,209
215,Joseph Harris Jr.,87368.06,IT,209
254,Scott Noble,86516.52,IT,211
254,Scott Noble,86516.52,IT,211
622,Kevin Mack,85814.73,IT,213
622,Kevin Mack,85814.73,IT,213
789,Daniel White,85754.68,IT,215
789,Daniel White,85754.68,IT,215
56,Jason Brown,85432.99,IT,217
56,Jason Brown,85432.99,IT,217
366,Leah Boone,85288.79,IT,219
366,Leah Boone,85288.79,IT,219
703,Diane Wilson,85045.72,IT,221
703,Diane Wilson,85045.72,IT,221
651,Kristi Gonzales,84650.01,IT,223
651,Kristi Gonzales,84650.01,IT,223
910,Alexandra Gibson,84037.98,IT,225
910,Alexandra Gibson,84037.98,IT,225
943,Selena Alvarez,83928.96,IT,227
943,Selena Alvarez,83928.96,IT,227
923,Richard Gray,83692.2,IT,229
923,Richard Gray,83692.2,IT,229
920,John Cooper,83043.61,IT,231
920,John Cooper,83043.61,IT,231
43,Glenn Lopez,82823.91,IT,233
43,Glenn Lopez,82823.91,IT,233
981,Lindsey Mitchell,82653.76,IT,235
981,Lindsey Mitchell,82653.76,IT,235
605,Heather Leblanc,82433.59,IT,237
605,Heather Leblanc,82433.59,IT,237
562,David Santos,82136.55,IT,239
562,David Santos,82136.55,IT,239
911,Terry Wood,81017.12,IT,241
911,Terry Wood,81017.12,IT,241
443,Gregory Wilson,80863.97,IT,243
443,Gregory Wilson,80863.97,IT,243
28,Steven Russell,79630.17,IT,245
28,Steven Russell,79630.17,IT,245
959,Kelsey Thomas,79485.11,IT,247
959,Kelsey Thomas,79485.11,IT,247
149,Sara Stone,79470.42,IT,249
149,Sara Stone,79470.42,IT,249
245,Robert Chen,78910.07,IT,251
245,Robert Chen,78910.07,IT,251
641,Daniel Russell,78765.02,IT,253
641,Daniel Russell,78765.02,IT,253
900,Danielle Carter,77372.43,IT,255
900,Danielle Carter,77372.43,IT,255
649,Linda Perez,76102.61,IT,257
649,Linda Perez,76102.61,IT,257
822,Ariana Clark,75423.21,IT,259
822,Ariana Clark,75423.21,IT,259
405,Antonio Martin,75296.35,IT,261
405,Antonio Martin,75296.35,IT,261
525,Alejandra Schwartz,74903.35,IT,263
525,Alejandra Schwartz,74903.35,IT,263
425,Laura Mitchell,74462.33,IT,265
425,Laura Mitchell,74462.33,IT,265
662,James Smith,74267.29,IT,267
662,James Smith,74267.29,IT,267
482,Cody Reilly,73225.19,IT,269
482,Cody Reilly,73225.19,IT,269
285,Richard Daniels,72493.15,IT,271
285,Richard Daniels,72493.15,IT,271
227,Crystal Anderson,71692.0,IT,273
227,Crystal Anderson,71692.0,IT,273
79,Robert Garcia,71684.16,IT,275
79,Robert Garcia,71684.16,IT,275
246,Christina Gilbert,71469.05,IT,277
246,Christina Gilbert,71469.05,IT,277
962,James Cook,70630.13,IT,279
962,James Cook,70630.13,IT,279
956,Jessica Brown,70303.78,IT,281
956,Jessica Brown,70303.78,IT,281
999,Scott Ball,69925.46,IT,283
999,Scott Ball,69925.46,IT,283
573,Stephanie Shields,69810.77,IT,285
573,Stephanie Shields,69810.77,IT,285
379,Laura Branch,69730.28,IT,287
379,Laura Branch,69730.28,IT,287
282,Robert Rodriguez,69724.36,IT,289
282,Robert Rodriguez,69724.36,IT,289
827,Diana Lee,69222.14,IT,291
827,Diana Lee,69222.14,IT,291
934,Jeffrey Carrillo,68853.31,IT,293
934,Jeffrey Carrillo,68853.31,IT,293
130,Chad Wilson,68554.83,IT,295
130,Chad Wilson,68554.83,IT,295
606,Charles Williams,68259.3,IT,297
606,Charles Williams,68259.3,IT,297
691,Christine Foster,67699.67,IT,299
691,Christine Foster,67699.67,IT,299
422,Lawrence Lopez,67186.6,IT,301
422,Lawrence Lopez,67186.6,IT,301
116,Amy Johnson,66932.2,IT,303
116,Amy Johnson,66932.2,IT,303
247,Stephanie Andersen,65564.77,IT,305
247,Stephanie Andersen,65564.77,IT,305
497,Bridget Vega,65460.8,IT,307
497,Bridget Vega,65460.8,IT,307
730,Jeffrey Jackson,64932.75,IT,309
730,Jeffrey Jackson,64932.75,IT,309
791,Patricia Gomez,64135.48,IT,311
791,Patricia Gomez,64135.48,IT,311
99,Jenna Stevens,63740.58,IT,313
99,Jenna Stevens,63740.58,IT,313
276,Juan Weeks,63431.66,IT,315
276,Juan Weeks,63431.66,IT,315
476,Paul Calderon,61786.98,IT,317
476,Paul Calderon,61786.98,IT,317
798,Rachel Nelson,61721.5,IT,319
798,Rachel Nelson,61721.5,IT,319
183,Crystal Smith,61454.38,IT,321
183,Crystal Smith,61454.38,IT,321
429,Laurie Mitchell,61192.88,IT,323
429,Laurie Mitchell,61192.88,IT,323
234,Samantha Watson,59985.92,IT,325
234,Samantha Watson,59985.92,IT,325
466,Sergio Vang,59602.88,IT,327
466,Sergio Vang,59602.88,IT,327
580,Robert Estrada,59564.54,IT,329
580,Robert Estrada,59564.54,IT,329
1,Kelly Fitzgerald,59417.8,IT,331
1,Kelly Fitzgerald,59417.8,IT,331
73,Joseph Ortiz,58500.55,IT,333
73,Joseph Ortiz,58500.55,IT,333
137,Christine Johnson,58333.38,IT,335
137,Christine Johnson,58333.38,IT,335
167,David Spears,57641.95,IT,337
167,David Spears,57641.95,IT,337
433,Alison Williams,57178.4,IT,339
433,Alison Williams,57178.4,IT,339
720,Amy Diaz,56196.84,IT,341
720,Amy Diaz,56196.84,IT,341
439,Wendy Khan,56123.02,IT,343
439,Wendy Khan,56123.02,IT,343
784,Alyssa Chen,54605.75,IT,345
784,Alyssa Chen,54605.75,IT,345
158,Mark Spencer,54410.82,IT,347
158,Mark Spencer,54410.82,IT,347
288,Mary Smith,52980.08,IT,349
288,Mary Smith,52980.08,IT,349
636,Misty Porter,51564.36,IT,351
636,Misty Porter,51564.36,IT,351
228,Victoria Brown,51305.92,IT,353
228,Victoria Brown,51305.92,IT,353
47,Carl Murray,49534.57,IT,355
47,Carl Murray,49534.57,IT,355
823,Carolyn Wright,48494.51,IT,357
823,Carolyn Wright,48494.51,IT,357
973,Kristina Moreno,48332.81,IT,359
973,Kristina Moreno,48332.81,IT,359
414,John Reed,48203.52,IT,361
414,John Reed,48203.52,IT,361
944,Tracey Hutchinson,47277.13,IT,363
944,Tracey Hutchinson,47277.13,IT,363
936,Heather Smith,46618.42,IT,365
936,Heather Smith,46618.42,IT,365
113,Robert Miller,46310.89,IT,367
113,Robert Miller,46310.89,IT,367
468,Scott Roberts,46027.4,IT,369
468,Scott Roberts,46027.4,IT,369
309,Julie Thomas,45779.9,IT,371
309,Julie Thomas,45779.9,IT,371
847,Kaylee Munoz,45719.3,IT,373
847,Kaylee Munoz,45719.3,IT,373
852,Tanya Williams,44305.44,IT,375
852,Tanya Williams,44305.44,IT,375
733,Cody Thomas,43475.68,IT,377
733,Cody Thomas,43475.68,IT,377
887,Emily Butler,43457.01,IT,379
887,Emily Butler,43457.01,IT,379
177,Jennifer Chan,42688.26,IT,381
177,Jennifer Chan,42688.26,IT,381
872,James Wheeler,42238.04,IT,383
872,James Wheeler,42238.04,IT,383
376,Michael Mcintosh,42037.55,IT,385
376,Michael Mcintosh,42037.55,IT,385
811,Caitlin Brown,41903.32,IT,387
811,Caitlin Brown,41903.32,IT,387
681,Jennifer Silva,40053.96,IT,389
681,Jennifer Silva,40053.96,IT,389
582,Gabriel Buck,149940.76,Marketing,1
582,Gabriel Buck,149940.76,Marketing,1
588,Laurie Brandt,149456.72,Marketing,3
588,Laurie Brandt,149456.72,Marketing,3
134,Alexandria Acosta,149379.18,Marketing,5
134,Alexandria Acosta,149379.18,Marketing,5
187,Mrs. Andrea Brown,147605.88,Marketing,7
187,Mrs. Andrea Brown,147605.88,Marketing,7
458,Daniel Montgomery MD,147532.06,Marketing,9
458,Daniel Montgomery MD,147532.06,Marketing,9
200,Gloria Haynes,147483.97,Marketing,11
200,Gloria Haynes,147483.97,Marketing,11
380,Antonio Holmes,147314.98,Marketing,13
380,Antonio Holmes,147314.98,Marketing,13
537,Sharon Cook,147120.18,Marketing,15
537,Sharon Cook,147120.18,Marketing,15
407,Sharon Murphy,146809.01,Marketing,17
407,Sharon Murphy,146809.01,Marketing,17
587,Christian Gibson,146740.16,Marketing,19
587,Christian Gibson,146740.16,Marketing,19
300,Meredith Miller,144844.85,Marketing,21
300,Meredith Miller,144844.85,Marketing,21
311,Erica Flores,144795.31,Marketing,23
311,Erica Flores,144795.31,Marketing,23
738,Charles Fields,144076.64,Marketing,25
738,Charles Fields,144076.64,Marketing,25
32,Charles Baldwin,143854.77,Marketing,27
32,Charles Baldwin,143854.77,Marketing,27
570,Becky Martin,143701.43,Marketing,29
570,Becky Martin,143701.43,Marketing,29
952,Isaac Nelson,143348.72,Marketing,31
952,Isaac Nelson,143348.72,Marketing,31
679,Robin Bush,142449.26,Marketing,33
679,Robin Bush,142449.26,Marketing,33
62,Ashlee Barr,141545.65,Marketing,35
62,Ashlee Barr,141545.65,Marketing,35
395,Kristin Garrett,141404.86,Marketing,37
395,Kristin Garrett,141404.86,Marketing,37
652,Dr. Krystal Holland,140131.51,Marketing,39
652,Dr. Krystal Holland,140131.51,Marketing,39
640,Samuel Barrera,139770.49,Marketing,41
640,Samuel Barrera,139770.49,Marketing,41
48,Daniel Frey,138322.45,Marketing,43
48,Daniel Frey,138322.45,Marketing,43
590,Brian Calderon,137535.07,Marketing,45
590,Brian Calderon,137535.07,Marketing,45
14,Dana Griffin,137338.18,Marketing,47
14,Dana Griffin,137338.18,Marketing,47
403,Jessica Gibson,136990.36,Marketing,49
403,Jessica Gibson,136990.36,Marketing,49
206,Richard Cantrell,136199.64,Marketing,51
206,Richard Cantrell,136199.64,Marketing,51
64,Jillian Acevedo,135858.31,Marketing,53
64,Jillian Acevedo,135858.31,Marketing,53
242,Alexa Williams MD,135730.82,Marketing,55
242,Alexa Williams MD,135730.82,Marketing,55
616,Elizabeth Sanchez,134151.0,Marketing,57
616,Elizabeth Sanchez,134151.0,Marketing,57
949,Jesus Clark,133641.21,Marketing,59
949,Jesus Clark,133641.21,Marketing,59
806,Harold Taylor,133401.37,Marketing,61
806,Harold Taylor,133401.37,Marketing,61
757,Tanya Smith,132176.97,Marketing,63
757,Tanya Smith,132176.97,Marketing,63
869,Julia Swanson,131857.45,Marketing,65
869,Julia Swanson,131857.45,Marketing,65
566,Oscar Phillips,131703.31,Marketing,67
566,Oscar Phillips,131703.31,Marketing,67
36,Denise Ramirez,131328.31,Marketing,69
36,Denise Ramirez,131328.31,Marketing,69
519,Brooke Cummings,128661.69,Marketing,71
519,Brooke Cummings,128661.69,Marketing,71
372,Alex Edwards,128230.92,Marketing,73
372,Alex Edwards,128230.92,Marketing,73
373,Casey Frazier,127976.75,Marketing,75
373,Casey Frazier,127976.75,Marketing,75
785,Kristine Rowland,127887.72,Marketing,77
785,Kristine Rowland,127887.72,Marketing,77
71,Alex Matthews,127509.39,Marketing,79
71,Alex Matthews,127509.39,Marketing,79
412,Kurt Baker,127456.0,Marketing,81
412,Kurt Baker,127456.0,Marketing,81
533,Kevin Ball,127386.59,Marketing,83
533,Kevin Ball,127386.59,Marketing,83
657,Clifford Zavala,126432.86,Marketing,85
657,Clifford Zavala,126432.86,Marketing,85
713,Hayden Stone,125464.68,Marketing,87
713,Hayden Stone,125464.68,Marketing,87
287,Tami Cole,124666.65,Marketing,89
287,Tami Cole,124666.65,Marketing,89
881,Michael Rice,124198.83,Marketing,91
881,Michael Rice,124198.83,Marketing,91
591,Karen Chambers,124091.03,Marketing,93
591,Karen Chambers,124091.03,Marketing,93
188,Colin Davis,123927.28,Marketing,95
188,Colin Davis,123927.28,Marketing,95
415,Lindsay Liu,122903.95,Marketing,97
415,Lindsay Liu,122903.95,Marketing,97
145,Adam Thornton,122838.03,Marketing,99
145,Adam Thornton,122838.03,Marketing,99
337,Jennifer Nielsen,122498.16,Marketing,101
337,Jennifer Nielsen,122498.16,Marketing,101
115,Tara Lopez,122348.55,Marketing,103
115,Tara Lopez,122348.55,Marketing,103
34,Heidi Johnson,120789.04,Marketing,105
34,Heidi Johnson,120789.04,Marketing,105
953,Andrew Alexander,120611.53,Marketing,107
953,Andrew Alexander,120611.53,Marketing,107
358,Bradley Perkins,120559.59,Marketing,109
358,Bradley Perkins,120559.59,Marketing,109
816,Sue Hill,120553.91,Marketing,111
816,Sue Hill,120553.91,Marketing,111
668,Kathy Smith,120218.07,Marketing,113
668,Kathy Smith,120218.07,Marketing,113
304,Haley Lopez,119815.43,Marketing,115
304,Haley Lopez,119815.43,Marketing,115
899,Amy Brown,119514.59,Marketing,117
899,Amy Brown,119514.59,Marketing,117
25,Daisy Gordon,119510.51,Marketing,119
25,Daisy Gordon,119510.51,Marketing,119
324,Lauren Price,117334.02,Marketing,121
324,Lauren Price,117334.02,Marketing,121
697,Michael Armstrong,116990.61,Marketing,123
697,Michael Armstrong,116990.61,Marketing,123
878,Lori Moreno,116953.91,Marketing,125
878,Lori Moreno,116953.91,Marketing,125
33,Justin Durham,116524.25,Marketing,127
33,Justin Durham,116524.25,Marketing,127
225,Antonio Caldwell,115137.12,Marketing,129
225,Antonio Caldwell,115137.12,Marketing,129
551,Derek Hickman,115133.8,Marketing,131
551,Derek Hickman,115133.8,Marketing,131
980,Alexandria Burns,114714.15,Marketing,133
980,Alexandria Burns,114714.15,Marketing,133
572,Dr. Crystal Williams,114659.99,Marketing,135
572,Dr. Crystal Williams,114659.99,Marketing,135
583,Angela Campbell,113237.33,Marketing,137
583,Angela Campbell,113237.33,Marketing,137
885,Heather Allen,111745.91,Marketing,139
885,Heather Allen,111745.91,Marketing,139
655,April Callahan,111497.89,Marketing,141
655,April Callahan,111497.89,Marketing,141
777,John Wyatt,110587.25,Marketing,143
777,John Wyatt,110587.25,Marketing,143
307,Kirk Perez,108102.42,Marketing,145
307,Kirk Perez,108102.42,Marketing,145
364,Mary Richards,107516.28,Marketing,147
364,Mary Richards,107516.28,Marketing,147
917,Douglas Adams,107044.2,Marketing,149
917,Douglas Adams,107044.2,Marketing,149
660,Sara Bailey,106862.84,Marketing,151
660,Sara Bailey,106862.84,Marketing,151
338,Michaela Norris,106254.14,Marketing,153
338,Michaela Norris,106254.14,Marketing,153
560,Christopher Adams,105559.49,Marketing,155
560,Christopher Adams,105559.49,Marketing,155
867,Kevin Jackson,105458.98,Marketing,157
867,Kevin Jackson,105458.98,Marketing,157
454,Janet Logan,105386.97,Marketing,159
454,Janet Logan,105386.97,Marketing,159
645,Brandon Rogers,105072.96,Marketing,161
645,Brandon Rogers,105072.96,Marketing,161
581,Sarah Martinez,103027.75,Marketing,163
581,Sarah Martinez,103027.75,Marketing,163
219,Bonnie Downs,101366.33,Marketing,165
219,Bonnie Downs,101366.33,Marketing,165
472,Ebony Stevens,99203.21,Marketing,167
472,Ebony Stevens,99203.21,Marketing,167
386,Debra Wallace,96919.43,Marketing,169
386,Debra Wallace,96919.43,Marketing,169
826,Michelle Mccann,96590.45,Marketing,171
826,Michelle Mccann,96590.45,Marketing,171
773,Brian Leonard,96360.27,Marketing,173
773,Brian Leonard,96360.27,Marketing,173
413,Joseph Taylor,96346.77,Marketing,175
413,Joseph Taylor,96346.77,Marketing,175
165,Mrs. Jessica Wright,95360.65,Marketing,177
165,Mrs. Jessica Wright,95360.65,Marketing,177
753,Ryan Lee,93358.75,Marketing,179
753,Ryan Lee,93358.75,Marketing,179
664,Lindsay Bartlett,93232.2,Marketing,181
664,Lindsay Bartlett,93232.2,Marketing,181
492,Kathryn Medina,93200.86,Marketing,183
492,Kathryn Medina,93200.86,Marketing,183
799,Daniel Moore,92619.26,Marketing,185
799,Daniel Moore,92619.26,Marketing,185
278,Christopher Ford,91630.71,Marketing,187
278,Christopher Ford,91630.71,Marketing,187
895,Jerry Hensley,91436.52,Marketing,189
895,Jerry Hensley,91436.52,Marketing,189
825,Daniel Washington,90551.62,Marketing,191
825,Daniel Washington,90551.62,Marketing,191
609,Brandon Hogan,90528.51,Marketing,193
609,Brandon Hogan,90528.51,Marketing,193
539,Justin Ayers,90324.32,Marketing,195
539,Justin Ayers,90324.32,Marketing,195
717,Katie Reid,89984.24,Marketing,197
717,Katie Reid,89984.24,Marketing,197
957,David Hughes,89634.15,Marketing,199
957,David Hughes,89634.15,Marketing,199
983,Carolyn Friedman,89596.24,Marketing,201
983,Carolyn Friedman,89596.24,Marketing,201
230,Kristin Patterson,89144.55,Marketing,203
230,Kristin Patterson,89144.55,Marketing,203
988,Michelle Johnson,88689.57,Marketing,205
988,Michelle Johnson,88689.57,Marketing,205
617,Cassandra Leach,88056.29,Marketing,207
617,Cassandra Leach,88056.29,Marketing,207
815,Marissa Bell,88031.84,Marketing,209
815,Marissa Bell,88031.84,Marketing,209
926,Brittany Bowman,88003.6,Marketing,211
926,Brittany Bowman,88003.6,Marketing,211
198,Aaron Cooper,87166.68,Marketing,213
198,Aaron Cooper,87166.68,Marketing,213
731,Ann Thomas,87129.4,Marketing,215
731,Ann Thomas,87129.4,Marketing,215
968,Elizabeth Sanchez,87127.73,Marketing,217
968,Elizabeth Sanchez,87127.73,Marketing,217
97,Dr. John Adams,85628.03,Marketing,219
97,Dr. John Adams,85628.03,Marketing,219
170,Michele Gibbs,85344.9,Marketing,221
170,Michele Gibbs,85344.9,Marketing,221
231,Justin Ellison,85181.22,Marketing,223
231,Justin Ellison,85181.22,Marketing,223
848,Ricky Martinez,84768.11,Marketing,225
848,Ricky Martinez,84768.11,Marketing,225
295,Grace Richards,84276.47,Marketing,227
295,Grace Richards,84276.47,Marketing,227
584,Jamie Sandoval,82923.24,Marketing,229
584,Jamie Sandoval,82923.24,Marketing,229
544,Jared Shepherd,82325.45,Marketing,231
544,Jared Shepherd,82325.45,Marketing,231
175,John Phelps,81606.67,Marketing,233
175,John Phelps,81606.67,Marketing,233
325,Christian Lee,81581.19,Marketing,235
325,Christian Lee,81581.19,Marketing,235
66,Keith Simmons,80103.96,Marketing,237
66,Keith Simmons,80103.96,Marketing,237
274,Lisa Nguyen,78419.21,Marketing,239
274,Lisa Nguyen,78419.21,Marketing,239
882,Michael Stewart,77837.51,Marketing,241
882,Michael Stewart,77837.51,Marketing,241
879,Steven Perez,76848.67,Marketing,243
879,Steven Perez,76848.67,Marketing,243
135,Mrs. Robin Blackwell,76717.45,Marketing,245
135,Mrs. Robin Blackwell,76717.45,Marketing,245
604,Emily Moran,76390.01,Marketing,247
604,Emily Moran,76390.01,Marketing,247
226,Erin Reyes,73346.29,Marketing,249
226,Erin Reyes,73346.29,Marketing,249
80,Anna Davis,73204.38,Marketing,251
80,Anna Davis,73204.38,Marketing,251
635,Devin King,72468.94,Marketing,253
635,Devin King,72468.94,Marketing,253
788,John Jensen Jr.,71965.96,Marketing,255
788,John Jensen Jr.,71965.96,Marketing,255
914,Michael Murphy,71770.16,Marketing,257
914,Michael Murphy,71770.16,Marketing,257
569,Miranda Shannon,69423.31,Marketing,259
569,Miranda Shannon,69423.31,Marketing,259
993,Susan Matthews,69300.85,Marketing,261
993,Susan Matthews,69300.85,Marketing,261
139,Michael Morris,68143.78,Marketing,263
139,Michael Morris,68143.78,Marketing,263
855,Stephen Scott,68136.48,Marketing,265
855,Stephen Scott,68136.48,Marketing,265
251,Jonathan Lee,67606.05,Marketing,267
251,Jonathan Lee,67606.05,Marketing,267
136,Brittany Wise,67504.74,Marketing,269
136,Brittany Wise,67504.74,Marketing,269
142,Jonathon Smith,67047.81,Marketing,271
142,Jonathon Smith,67047.81,Marketing,271
542,Donald Padilla,67041.42,Marketing,273
542,Donald Padilla,67041.42,Marketing,273
17,Pamela Morales,66449.69,Marketing,275
17,Pamela Morales,66449.69,Marketing,275
110,Terry Simon,65961.84,Marketing,277
110,Terry Simon,65961.84,Marketing,277
557,Michael Boone,65513.13,Marketing,279
557,Michael Boone,65513.13,Marketing,279
870,Hannah Taylor,64500.8,Marketing,281
870,Hannah Taylor,64500.8,Marketing,281
750,Christopher Simpson,64411.91,Marketing,283
750,Christopher Simpson,64411.91,Marketing,283
190,Martha Nash,64347.14,Marketing,285
190,Martha Nash,64347.14,Marketing,285
696,Sabrina Jimenez,64319.66,Marketing,287
696,Sabrina Jimenez,64319.66,Marketing,287
772,Michael Montoya,63400.12,Marketing,289
772,Michael Montoya,63400.12,Marketing,289
305,Dennis Reyes,63317.27,Marketing,291
305,Dennis Reyes,63317.27,Marketing,291
598,Monica Jones,62935.36,Marketing,293
598,Monica Jones,62935.36,Marketing,293
159,Anne Walsh,62933.99,Marketing,295
159,Anne Walsh,62933.99,Marketing,295
884,Jeffrey Crawford,62883.35,Marketing,297
884,Jeffrey Crawford,62883.35,Marketing,297
193,Jennifer Smith,62803.54,Marketing,299
193,Jennifer Smith,62803.54,Marketing,299
270,Kimberly Gates,62795.73,Marketing,301
270,Kimberly Gates,62795.73,Marketing,301
644,Steven Goodwin,61745.61,Marketing,303
644,Steven Goodwin,61745.61,Marketing,303
23,Dana Richard,61564.43,Marketing,305
23,Dana Richard,61564.43,Marketing,305
937,Phillip Griffin,61115.86,Marketing,307
937,Phillip Griffin,61115.86,Marketing,307
831,Sheila Roberts,60942.31,Marketing,309
831,Sheila Roberts,60942.31,Marketing,309
361,Zachary Marshall,60927.69,Marketing,311
361,Zachary Marshall,60927.69,Marketing,311
391,Robert Johnson,59637.89,Marketing,313
391,Robert Johnson,59637.89,Marketing,313
552,Brenda Martinez,59523.92,Marketing,315
552,Brenda Martinez,59523.92,Marketing,315
441,Derek Juarez,59052.94,Marketing,317
441,Derek Juarez,59052.94,Marketing,317
624,Malik Hill,58882.16,Marketing,319
624,Malik Hill,58882.16,Marketing,319
211,Fernando Steele,58372.31,Marketing,321
211,Fernando Steele,58372.31,Marketing,321
739,Jose Perry,57181.84,Marketing,323
739,Jose Perry,57181.84,Marketing,323
235,Joseph Jones,56967.41,Marketing,325
235,Joseph Jones,56967.41,Marketing,325
498,Alexander Rose,56733.98,Marketing,327
498,Alexander Rose,56733.98,Marketing,327
633,Alexandra Hernandez,56060.01,Marketing,329
633,Alexandra Hernandez,56060.01,Marketing,329
347,Fernando Soto,54373.59,Marketing,331
347,Fernando Soto,54373.59,Marketing,331
931,Jessica Gaines,53966.07,Marketing,333
931,Jessica Gaines,53966.07,Marketing,333
529,Christina Dillon,53419.01,Marketing,335
529,Christina Dillon,53419.01,Marketing,335
687,Danielle Anderson,53300.01,Marketing,337
687,Danielle Anderson,53300.01,Marketing,337
561,Ryan White,53225.81,Marketing,339
561,Ryan White,53225.81,Marketing,339
82,Abigail Barrett,53202.28,Marketing,341
82,Abigail Barrett,53202.28,Marketing,341
503,Stephanie Johnson,53019.44,Marketing,343
503,Stephanie Johnson,53019.44,Marketing,343
524,Kevin Johnson,52553.06,Marketing,345
524,Kevin Johnson,52553.06,Marketing,345
46,Elizabeth Williams,52147.5,Marketing,347
46,Elizabeth Williams,52147.5,Marketing,347
359,Daniel Jacobson,51894.94,Marketing,349
359,Daniel Jacobson,51894.94,Marketing,349
840,Larry Williams,50953.37,Marketing,351
840,Larry Williams,50953.37,Marketing,351
329,Jeremy Patel,50093.55,Marketing,353
329,Jeremy Patel,50093.55,Marketing,353
15,Carolyn Powell DVM,49599.29,Marketing,355
15,Carolyn Powell DVM,49599.29,Marketing,355
181,Steve Ramirez,49465.01,Marketing,357
181,Steve Ramirez,49465.01,Marketing,357
854,Alisha Mitchell,49388.44,Marketing,359
854,Alisha Mitchell,49388.44,Marketing,359
396,Jennifer Bryant,49280.02,Marketing,361
396,Jennifer Bryant,49280.02,Marketing,361
196,Brandon Wood,47812.73,Marketing,363
196,Brandon Wood,47812.73,Marketing,363
436,Kevin Thornton,45876.58,Marketing,365
436,Kevin Thornton,45876.58,Marketing,365
233,Lisa Herrera,44958.2,Marketing,367
233,Lisa Herrera,44958.2,Marketing,367
669,Michael Price,44538.85,Marketing,369
669,Michael Price,44538.85,Marketing,369
837,Craig Mitchell,44090.84,Marketing,371
837,Craig Mitchell,44090.84,Marketing,371
694,Diane Cervantes,43934.5,Marketing,373
694,Diane Cervantes,43934.5,Marketing,373
261,Philip Patterson,42573.36,Marketing,375
261,Philip Patterson,42573.36,Marketing,375
152,Daniel Brown,41622.18,Marketing,377
152,Daniel Brown,41622.18,Marketing,377
619,Audrey Nolan,41204.45,Marketing,379
619,Audrey Nolan,41204.45,Marketing,379
156,Sherri Mclaughlin,40029.55,Marketing,381
156,Sherri Mclaughlin,40029.55,Marketing,381
745,Anthony Smith,149633.32,Operations,1
745,Anthony Smith,149633.32,Operations,1
783,Jeffrey Watkins,149395.56,Operations,3
783,Jeffrey Watkins,149395.56,Operations,3
421,Angelica Murphy,148919.73,Operations,5
421,Angelica Murphy,148919.73,Operations,5
506,Stephanie Friedman,148278.57,Operations,7
506,Stephanie Friedman,148278.57,Operations,7
859,Charles Powers,147829.84,Operations,9
859,Charles Powers,147829.84,Operations,9
39,Wayne Phillips,147128.71,Operations,11
39,Wayne Phillips,147128.71,Operations,11
723,Alexis Murphy,146903.39,Operations,13
723,Alexis Murphy,146903.39,Operations,13
77,Keith Hensley,145983.83,Operations,15
77,Keith Hensley,145983.83,Operations,15
400,Matthew Wise,145898.96,Operations,17
400,Matthew Wise,145898.96,Operations,17
124,Paul Collins,145128.54,Operations,19
124,Paul Collins,145128.54,Operations,19
661,Christopher Deleon,144542.9,Operations,21
661,Christopher Deleon,144542.9,Operations,21
189,Gene Nichols,144436.55,Operations,23
189,Gene Nichols,144436.55,Operations,23
201,Chad Erickson,142948.82,Operations,25
201,Chad Erickson,142948.82,Operations,25
205,Albert Andersen,142838.41,Operations,27
205,Albert Andersen,142838.41,Operations,27
722,Jeffrey Powell,142751.83,Operations,29
722,Jeffrey Powell,142751.83,Operations,29
808,Tiffany Tucker,142193.46,Operations,31
808,Tiffany Tucker,142193.46,Operations,31
907,Lisa Jefferson,141372.54,Operations,33
907,Lisa Jefferson,141372.54,Operations,33
600,Kristin Clark,141120.77,Operations,35
600,Kristin Clark,141120.77,Operations,35
902,Courtney Bruce,139207.06,Operations,37
902,Courtney Bruce,139207.06,Operations,37
862,John Nelson,138233.53,Operations,39
862,John Nelson,138233.53,Operations,39
747,Michael Vargas,138061.84,Operations,41
747,Michael Vargas,138061.84,Operations,41
708,Jeremy Evans,137868.32,Operations,43
708,Jeremy Evans,137868.32,Operations,43
398,Ruth Turner,137735.28,Operations,45
398,Ruth Turner,137735.28,Operations,45
381,Chase Thompson,137153.26,Operations,47
381,Chase Thompson,137153.26,Operations,47
728,Mario Lee,136771.49,Operations,49
728,Mario Lee,136771.49,Operations,49
240,Chelsey Lewis,135875.98,Operations,51
240,Chelsey Lewis,135875.98,Operations,51
967,Daniel Francis,135495.91,Operations,53
967,Daniel Francis,135495.91,Operations,53
736,Kevin Wright,134893.13,Operations,55
736,Kevin Wright,134893.13,Operations,55
607,John Parker,134648.48,Operations,57
607,John Parker,134648.48,Operations,57
127,Nicholas Martin,133937.99,Operations,59
127,Nicholas Martin,133937.99,Operations,59
271,Antonio Edwards,133413.81,Operations,61
271,Antonio Edwards,133413.81,Operations,61
327,Marcus Russo,133285.41,Operations,63
327,Marcus Russo,133285.41,Operations,63
286,Barbara Eaton,133155.26,Operations,65
286,Barbara Eaton,133155.26,Operations,65
75,Andrea Hodges,132570.84,Operations,67
75,Andrea Hodges,132570.84,Operations,67
891,Bryan Barton,132543.74,Operations,69
891,Bryan Barton,132543.74,Operations,69
336,Omar Underwood,132351.54,Operations,71
336,Omar Underwood,132351.54,Operations,71
237,Donna Garrett,131875.22,Operations,73
237,Donna Garrett,131875.22,Operations,73
2,Danielle Schultz,131863.53,Operations,75
2,Danielle Schultz,131863.53,Operations,75
628,Janice Miller,131738.48,Operations,77
628,Janice Miller,131738.48,Operations,77
354,Amy Velasquez,130750.0,Operations,79
354,Amy Velasquez,130750.0,Operations,79
835,Seth Bauer,130701.88,Operations,81
835,Seth Bauer,130701.88,Operations,81
224,Abigail Hardy,129993.77,Operations,83
224,Abigail Hardy,129993.77,Operations,83
411,Daniel Walker,129921.06,Operations,85
411,Daniel Walker,129921.06,Operations,85
221,Steve Wheeler,129886.13,Operations,87
221,Steve Wheeler,129886.13,Operations,87
203,Tony Hart,128828.81,Operations,89
203,Tony Hart,128828.81,Operations,89
4,Kellie Bonilla,128168.98,Operations,91
4,Kellie Bonilla,128168.98,Operations,91
707,Kendra Clark,127989.35,Operations,93
707,Kendra Clark,127989.35,Operations,93
451,Brendan Martinez,126137.68,Operations,95
451,Brendan Martinez,126137.68,Operations,95
856,Tina Scott,125218.34,Operations,97
856,Tina Scott,125218.34,Operations,97
574,Stephen Porter,124897.88,Operations,99
574,Stephen Porter,124897.88,Operations,99
332,Sarah Torres,124731.37,Operations,101
332,Sarah Torres,124731.37,Operations,101
779,Tammy Bishop,124631.4,Operations,103
779,Tammy Bishop,124631.4,Operations,103
357,Donald Sims,124269.47,Operations,105
357,Donald Sims,124269.47,Operations,105
866,Janet Meyer DDS,122655.65,Operations,107
866,Janet Meyer DDS,122655.65,Operations,107
131,Felicia Brown,121858.08,Operations,109
131,Felicia Brown,121858.08,Operations,109
273,Troy Rojas,120838.65,Operations,111
273,Troy Rojas,120838.65,Operations,111
602,Lisa Olsen,118318.04,Operations,113
602,Lisa Olsen,118318.04,Operations,113
719,Nicholas Webb,116295.14,Operations,115
719,Nicholas Webb,116295.14,Operations,115
394,Nicholas Fisher,116197.96,Operations,117
394,Nicholas Fisher,116197.96,Operations,117
526,Alyssa Henson,116120.56,Operations,119
526,Alyssa Henson,116120.56,Operations,119
409,Sally Arnold,116083.78,Operations,121
409,Sally Arnold,116083.78,Operations,121
861,Caitlin Martin,115983.01,Operations,123
861,Caitlin Martin,115983.01,Operations,123
283,Robert Thompson,115348.67,Operations,125
283,Robert Thompson,115348.67,Operations,125
388,Shane Smith,114430.62,Operations,127
388,Shane Smith,114430.62,Operations,127
102,Jennifer Lawrence,113849.43,Operations,129
102,Jennifer Lawrence,113849.43,Operations,129
514,Kelly Foster,113134.77,Operations,131
514,Kelly Foster,113134.77,Operations,131
452,Kristina Jones,112650.04,Operations,133
452,Kristina Jones,112650.04,Operations,133
702,Terry Patterson,112251.51,Operations,135
702,Terry Patterson,112251.51,Operations,135
564,Andrew Anderson,110902.33,Operations,137
564,Andrew Anderson,110902.33,Operations,137
78,Alexis Henry,110765.04,Operations,139
78,Alexis Henry,110765.04,Operations,139
153,Christopher Rodriguez,109779.62,Operations,141
153,Christopher Rodriguez,109779.62,Operations,141
293,Samantha Johnson,109488.91,Operations,143
293,Samantha Johnson,109488.91,Operations,143
906,Nathan Jennings,108000.46,Operations,145
906,Nathan Jennings,108000.46,Operations,145
765,Dr. Richard Jackson,107375.62,Operations,147
765,Dr. Richard Jackson,107375.62,Operations,147
972,Michael Washington,107268.79,Operations,149
972,Michael Washington,107268.79,Operations,149
850,Katherine Lopez,107250.57,Operations,151
850,Katherine Lopez,107250.57,Operations,151
335,Diana Franklin,107230.93,Operations,153
335,Diana Franklin,107230.93,Operations,153
192,Rebecca Morgan,107159.15,Operations,155
192,Rebecca Morgan,107159.15,Operations,155
961,David Cisneros,106448.11,Operations,157
961,David Cisneros,106448.11,Operations,157
919,Nicholas Patterson,106387.42,Operations,159
919,Nicholas Patterson,106387.42,Operations,159
536,Jennifer Petersen,105117.28,Operations,161
536,Jennifer Petersen,105117.28,Operations,161
57,Donald Carson,104733.29,Operations,163
57,Donald Carson,104733.29,Operations,163
889,Crystal Bray,104642.81,Operations,165
889,Crystal Bray,104642.81,Operations,165
122,John Henderson,103743.03,Operations,167
122,John Henderson,103743.03,Operations,167
744,Penny Griffin,103714.52,Operations,169
744,Penny Griffin,103714.52,Operations,169
416,Ian Sanchez,102882.1,Operations,171
416,Ian Sanchez,102882.1,Operations,171
420,Douglas Clark,102571.69,Operations,173
420,Douglas Clark,102571.69,Operations,173
894,Renee Andersen,99499.34,Operations,175
894,Renee Andersen,99499.34,Operations,175
666,Stephanie Hamilton,98533.18,Operations,177
666,Stephanie Hamilton,98533.18,Operations,177
515,Victor Russell,97675.87,Operations,179
515,Victor Russell,97675.87,Operations,179
435,David Richard,97351.33,Operations,181
435,David Richard,97351.33,Operations,181
821,Trevor Martinez,97230.59,Operations,183
821,Trevor Martinez,97230.59,Operations,183
704,Jeffrey Jones,97213.25,Operations,185
704,Jeffrey Jones,97213.25,Operations,185
639,Danielle Reed,96848.6,Operations,187
639,Danielle Reed,96848.6,Operations,187
109,Anthony Brown,95673.89,Operations,189
109,Anthony Brown,95673.89,Operations,189
843,Matthew Simon,95222.37,Operations,191
843,Matthew Simon,95222.37,Operations,191
844,Deborah Rodriguez,94840.01,Operations,193
844,Deborah Rodriguez,94840.01,Operations,193
688,Ruth Jackson,94731.7,Operations,195
688,Ruth Jackson,94731.7,Operations,195
504,Christina Shepard,93804.41,Operations,197
504,Christina Shepard,93804.41,Operations,197
272,Mary Barnes,93739.63,Operations,199
272,Mary Barnes,93739.63,Operations,199
568,Melody Rivera,91767.59,Operations,201
568,Melody Rivera,91767.59,Operations,201
450,Bridget Hill,91687.36,Operations,203
450,Bridget Hill,91687.36,Operations,203
490,James White,90552.7,Operations,205
490,James White,90552.7,Operations,205
74,Anna Barrett,87083.77,Operations,207
74,Anna Barrett,87083.77,Operations,207
377,Adam Wagner,86058.12,Operations,209
377,Adam Wagner,86058.12,Operations,209
96,Jennifer Armstrong,86056.32,Operations,211
96,Jennifer Armstrong,86056.32,Operations,211
768,Emily Wheeler,84189.06,Operations,213
768,Emily Wheeler,84189.06,Operations,213
672,Cristian Richards,84022.0,Operations,215
672,Cristian Richards,84022.0,Operations,215
430,Steven Carter,83750.11,Operations,217
430,Steven Carter,83750.11,Operations,217
592,Denise Howe,83319.26,Operations,219
592,Denise Howe,83319.26,Operations,219
578,Richard Thompson,82649.84,Operations,221
578,Richard Thompson,82649.84,Operations,221
626,Edward Evans,82608.56,Operations,223
626,Edward Evans,82608.56,Operations,223
701,Brenda Townsend,81579.46,Operations,225
701,Brenda Townsend,81579.46,Operations,225
838,Mark Vaughn,80767.36,Operations,227
838,Mark Vaughn,80767.36,Operations,227
684,John Barber,80408.58,Operations,229
684,John Barber,80408.58,Operations,229
792,Carl Juarez,80196.64,Operations,231
792,Carl Juarez,80196.64,Operations,231
93,Terry Schneider,80031.5,Operations,233
93,Terry Schneider,80031.5,Operations,233
280,Kristine Tran,79914.61,Operations,235
280,Kristine Tran,79914.61,Operations,235
874,Jennifer Miller,79493.6,Operations,237
874,Jennifer Miller,79493.6,Operations,237
579,Ronald Garcia,79258.97,Operations,239
579,Ronald Garcia,79258.97,Operations,239
98,Jeffrey Watson,78277.68,Operations,241
98,Jeffrey Watson,78277.68,Operations,241
257,Dr. David Gross,76589.47,Operations,243
257,Dr. David Gross,76589.47,Operations,243
340,Edward Wilson,76582.29,Operations,245
340,Edward Wilson,76582.29,Operations,245
374,Stephen Price,76182.71,Operations,247
374,Stephen Price,76182.71,Operations,247
965,Jason Carter,75959.93,Operations,249
965,Jason Carter,75959.93,Operations,249
817,Daniel Russell,75895.81,Operations,251
817,Daniel Russell,75895.81,Operations,251
65,Stephanie Li,75740.28,Operations,253
65,Stephanie Li,75740.28,Operations,253
769,Kayla Jacobson,75479.28,Operations,255
769,Kayla Jacobson,75479.28,Operations,255
841,Jason Fox,75306.2,Operations,257
841,Jason Fox,75306.2,Operations,257
603,James Lynch,74557.82,Operations,259
603,James Lynch,74557.82,Operations,259
360,Patrick Woods,74396.91,Operations,261
360,Patrick Woods,74396.91,Operations,261
214,Troy Weber,74326.38,Operations,263
214,Troy Weber,74326.38,Operations,263
925,Amanda Hamilton,73862.85,Operations,265
925,Amanda Hamilton,73862.85,Operations,265
512,Michaela Duncan,73726.68,Operations,267
512,Michaela Duncan,73726.68,Operations,267
493,Mario Davis,72743.13,Operations,269
493,Mario Davis,72743.13,Operations,269
111,Matthew Williamson,72260.58,Operations,271
111,Matthew Williamson,72260.58,Operations,271
548,Todd Lloyd,72210.21,Operations,273
548,Todd Lloyd,72210.21,Operations,273
199,Timothy Edwards,72110.63,Operations,275
199,Timothy Edwards,72110.63,Operations,275
313,Robin Marshall,71658.27,Operations,277
313,Robin Marshall,71658.27,Operations,277
832,Alexandra Davis,71526.78,Operations,279
832,Alexandra Davis,71526.78,Operations,279
132,David Gray,71471.42,Operations,281
132,David Gray,71471.42,Operations,281
446,Sara Benson,71376.36,Operations,283
446,Sara Benson,71376.36,Operations,283
417,Melanie Hudson,69833.44,Operations,285
417,Melanie Hudson,69833.44,Operations,285
740,Carlos Wade,69363.71,Operations,287
740,Carlos Wade,69363.71,Operations,287
495,Rebecca Johnson,68575.84,Operations,289
495,Rebecca Johnson,68575.84,Operations,289
428,Michael Jensen,67658.01,Operations,291
428,Michael Jensen,67658.01,Operations,291
610,Colton Gray,66433.2,Operations,293
610,Colton Gray,66433.2,Operations,293
576,Cheryl Sandoval,66223.97,Operations,295
576,Cheryl Sandoval,66223.97,Operations,295
989,Shane Bailey,65954.42,Operations,297
989,Shane Bailey,65954.42,Operations,297
438,Lindsey Garza,65854.18,Operations,299
438,Lindsey Garza,65854.18,Operations,299
369,Beth Arnold,65757.2,Operations,301
369,Beth Arnold,65757.2,Operations,301
103,Michael Martinez,65412.78,Operations,303
103,Michael Martinez,65412.78,Operations,303
178,Ruth Carter,64954.08,Operations,305
178,Ruth Carter,64954.08,Operations,305
928,Sara Nelson,64814.52,Operations,307
928,Sara Nelson,64814.52,Operations,307
924,Kathy Hamilton,64072.29,Operations,309
924,Kathy Hamilton,64072.29,Operations,309
683,Glenn Cooper,63961.91,Operations,311
683,Glenn Cooper,63961.91,Operations,311
481,Dylan Weaver,63467.31,Operations,313
481,Dylan Weaver,63467.31,Operations,313
239,Makayla Pruitt,63321.27,Operations,315
239,Makayla Pruitt,63321.27,Operations,315
84,Edward Munoz,63280.59,Operations,317
84,Edward Munoz,63280.59,Operations,317
107,Joseph Jones,62747.43,Operations,319
107,Joseph Jones,62747.43,Operations,319
419,Diana Austin,62516.16,Operations,321
419,Diana Austin,62516.16,Operations,321
49,Caleb Marks,61960.35,Operations,323
49,Caleb Marks,61960.35,Operations,323
629,Toni Matthews,61289.6,Operations,325
629,Toni Matthews,61289.6,Operations,325
595,Anthony Miller,61139.57,Operations,327
595,Anthony Miller,61139.57,Operations,327
971,Kimberly Moore,59992.48,Operations,329
971,Kimberly Moore,59992.48,Operations,329
9,Jessica Weeks,59706.31,Operations,331
9,Jessica Weeks,59706.31,Operations,331
586,Alexander Mcdonald,59388.46,Operations,333
586,Alexander Mcdonald,59388.46,Operations,333
342,Aaron Holland,58730.0,Operations,335
342,Aaron Holland,58730.0,Operations,335
401,John Travis,58670.41,Operations,337
401,John Travis,58670.41,Operations,337
291,Chad Baldwin,57500.26,Operations,339
291,Chad Baldwin,57500.26,Operations,339
643,Jeffrey Massey,57120.58,Operations,341
643,Jeffrey Massey,57120.58,Operations,341
813,Robert Eaton,55070.72,Operations,343
813,Robert Eaton,55070.72,Operations,343
26,Chad Hoffman,53334.33,Operations,345
26,Chad Hoffman,53334.33,Operations,345
876,Linda Taylor,51656.09,Operations,347
876,Linda Taylor,51656.09,Operations,347
491,Gail Costa,51207.78,Operations,349
491,Gail Costa,51207.78,Operations,349
711,Scott Webb,50923.04,Operations,351
711,Scott Webb,50923.04,Operations,351
384,Catherine Walter,50794.5,Operations,353
384,Catherine Walter,50794.5,Operations,353
457,Timothy Sims,50682.07,Operations,355
457,Timothy Sims,50682.07,Operations,355
10,Lauren Elliott,49943.91,Operations,357
10,Lauren Elliott,49943.91,Operations,357
328,Julie Lamb,49660.24,Operations,359
328,Julie Lamb,49660.24,Operations,359
317,Michael Cervantes,49385.01,Operations,361
317,Michael Cervantes,49385.01,Operations,361
100,Kevin Rice,48553.46,Operations,363
100,Kevin Rice,48553.46,Operations,363
290,Melinda Ewing,48287.31,Operations,365
290,Melinda Ewing,48287.31,Operations,365
44,Brandon Rhodes,47287.77,Operations,367
44,Brandon Rhodes,47287.77,Operations,367
418,Sydney Mills,47236.3,Operations,369
418,Sydney Mills,47236.3,Operations,369
509,Lisa Pearson MD,46579.66,Operations,371
509,Lisa Pearson MD,46579.66,Operations,371
810,Shawn Smith,46563.78,Operations,373
810,Shawn Smith,46563.78,Operations,373
318,Christopher Wade,44984.0,Operations,375
318,Christopher Wade,44984.0,Operations,375
623,Scott Torres,44628.52,Operations,377
623,Scott Torres,44628.52,Operations,377
81,Alyssa Lopez,44626.48,Operations,379
81,Alyssa Lopez,44626.48,Operations,379
69,Jamie Lawrence,43800.18,Operations,381
69,Jamie Lawrence,43800.18,Operations,381
279,Jennifer Wolf,43372.21,Operations,383
279,Jennifer Wolf,43372.21,Operations,383
320,Alexandra Whitney,42847.26,Operations,385
320,Alexandra Whitney,42847.26,Operations,385
594,Natasha Rodriguez,42146.98,Operations,387
594,Natasha Rodriguez,42146.98,Operations,387
229,Kathy Rosales,41802.77,Operations,389
229,Kathy Rosales,41802.77,Operations,389
868,Veronica Valdez,40042.04,Operations,391
868,Veronica Valdez,40042.04,Operations,391
NULL,name,NULL,department,1
NULL,name,NULL,department,1
